index,brand,Model,Price,Rating,processor_brand,processor_tier,num_cores,num_threads,ram_memory,primary_storage_type,primary_storage_capacity,secondary_storage_type,secondary_storage_capacity,gpu_brand,gpu_type,is_touch_screen,display_size,resolution_width,resolution_height,OS,year_of_warranty
669,hp,HP Envy x360 15-fe0028TU Laptop (13th Gen Core i5/ 16GB/ 512GB SSD/ Win11 Home),96590,66,intel,core i5,10,12,16,SSD,512,No secondary storage,0,intel,integrated,True,15.6,1920,1080,windows,1
702,lenovo,Lenovo IdeaPad Gaming 3 15IAH7 82S9014KIN Laptop (12th Gen Core i5/ 16GB/ 512GB SSD/ Win11 Home/ 4GB Graph),71990,70,intel,core i5,8,12,16,SSD,512,No secondary storage,0,nvidia,dedicated,False,15.6,1920,1080,windows,1
53,dell,Dell Vostro 3425 Laptop (AMD Ryzen 5 5625U/ 8GB/ 512GB SSD/ Win11 Home),39649,66,amd,ryzen 5,6,12,8,SSD,512,No secondary storage,0,amd,integrated,False,14.0,1920,1080,windows,1
1,tecno,Tecno Megabook T1 Laptop (11th Gen Core i3/ 8GB/ 512GB SSD/ Win11 Home),23990,63,intel,core i3,2,4,8,SSD,512,No secondary storage,0,intel,integrated,False,15.6,1920,1080,windows,1
990,msi,MSI Modern 14 C13M-437IN Laptop (13th Gen Core i5/ 8GB/ 512GB SSD/ Win11 Home),40990,56,intel,core i5,10,12,8,SSD,512,No secondary storage,0,intel,integrated,False,14.0,1920,1080,windows,1
891,hp,HP Victus 16-d0333TX Gaming Laptop (11th Gen Core i5/ 16GB/ 512GB SSD/ Win11/ 4GB Graph),64500,75,intel,core i5,6,12,16,SSD,512,No secondary storage,0,nvidia,dedicated,False,16.1,1920,1080,windows,1
599,hp,HP Omen 16-xf0059AX Gaming Laptop (AMD Ryzen 7 7840HS/ 16GB/ 512GB SSD/ Win11/ 8GB Graph),123010,73,amd,ryzen 7,8,16,16,SSD,512,No secondary storage,0,nvidia,dedicated,False,16.0,1920,1080,windows,1
581,asus,Asus Vivobook Pro 15 M6500QFB-LK541WS Laptop (AMD Ryzen 5 5600H/ 16GB/ 512GB SSD/ Win11/ 4GB Graph),69990,66,amd,ryzen 5,6,12,16,SSD,512,No secondary storage,0,nvidia,dedicated,False,15.6,1920,1080,windows,1
714,lenovo,Lenovo IdeaPad Slim 3 82XQ008EIN Laptop (AMD Ryzen 3 7320U/ 8GB/ 512GB SSD/ Win11 Home),33490,57,amd,ryzen 3,4,8,8,SSD,512,No secondary storage,0,amd,integrated,False,15.6,1920,1080,windows,1
889,asus,Asus Vivobook 16 2023 X1605VAB-MB544WS Laptop (13th Gen Core i5/ 16GB/ 512GB SSD/ Win11 Home),62990,59,intel,core i5,10,12,16,SSD,512,No secondary storage,0,intel,integrated,False,16.0,1920,1200,windows,1
37,dell,Dell G15-5520 Laptop (12th Gen Core i5/ 16GB/ 512GB SSD/ Win11 Home/ 4GB Graph),68239,66,intel,core i5,12,16,16,SSD,512,No secondary storage,0,nvidia,dedicated,False,15.6,1920,1080,windows,1
855,lenovo,Lenovo Ideapad Gaming 3 15ACH6 82K20145IN Laptop (Ryzen 7 5800H/ 16GB/ 512GB SSD/ Win11 Home/ 4GB Graph),81000,71,amd,ryzen 7,8,16,16,SSD,512,No secondary storage,0,nvidia,dedicated,False,15.6,1920,1080,windows,1
196,lenovo,Lenovo IdeaPad Slim 5i 82XF003CIN Laptop (13th Gen Core i5/ 16GB/ 512GB SSD/ Win11),70590,62,intel,core i5,12,16,16,SSD,512,No secondary storage,0,intel,integrated,False,16.0,1920,1200,windows,1
134,dell,Dell G15-5520 Gaming Laptop (12th Gen Core i5/ 8GB/ 512GB SSD/ Win11/ 4GB Graph),68990,74,intel,core i5,12,16,8,SSD,512,No secondary storage,0,nvidia,dedicated,False,15.6,1920,1080,windows,1
288,samsung,Samsung Galaxy Book2 15 Laptop (12th Gen Core i5/ 8GB/ 512GB SSD/ Win11),54990,59,intel,core i5,10,12,8,SSD,512,No secondary storage,0,intel,integrated,False,15.6,1920,1080,windows,No information
784,asus,Asus Vivobook 16 2023 M1605YA-MB521WS Laptop (Ryzen 5 7530U / 8GB/ 512GB SSD/ Win11 Home),48990,63,amd,ryzen 5,6,12,8,SSD,512,No secondary storage,0,amd,integrated,False,16.0,1920,1200,windows,1
642,hp,HP ZBook Firefly 16 G9 2023 Workstation Laptop (12th Gen Core i5/ 16GB/ 512GB SSD/ Win11/ 4GB Graphics),120449,67,intel,core i5,10,12,16,SSD,512,No secondary storage,0,nvidia,dedicated,False,16.0,1920,1200,windows,1
32,samsung,Samsung Galaxy Book2 NP550XED-KA1IN 15 Laptop (12th Gen Core i5/ 8GB/ 512GB SSD/ Win11),44990,59,intel,core i5,10,12,8,SSD,512,No secondary storage,0,intel,integrated,False,15.6,1920,1080,windows,1
922,asus,Asus Vivobook 15 OLED 2023 X1505VA-LK542WS Laptop (13th Gen Core i5/ 16GB/ 512GB SSD/ Win11 Home),74990,60,intel,core i5,12,16,16,SSD,512,No secondary storage,0,intel,integrated,False,15.6,1920,1080,windows,1
971,asus,Asus Vivobook Go 14 2023 E1404FA-NK542WS Laptop (Ryzen 5 7520U / 16GB/ 512GB SSD/ Win11),45690,59,amd,ryzen 5,4,8,16,SSD,512,No secondary storage,0,amd,integrated,False,14.0,1920,1080,windows,1
232,acer,Acer Aspire 7 A715-76G NH.QMFSI.004 Gaming Laptop (12th Gen Core i5/ 16GB/ 512GB SSD/ Win11 Home/ 4GB Graph),60990,70,intel,core i5,8,12,16,SSD,512,No secondary storage,0,nvidia,dedicated,False,15.6,1920,1080,windows,1
507,lenovo,Lenovo IdeaPad Flex 5 82Y0004YIN Laptop (13th Gen Core i3/ 8GB/ 512GB SSD/ Win11 Home),58990,58,intel,core i3,6,8,8,SSD,512,No secondary storage,0,intel,integrated,True,14.0,1920,1200,windows,1
692,hp,HP 14-gr0000TU Laptop (13th Gen Core i3/ 8GB/ 512GB SSD/ Win11 Home),47990,53,intel,core i3,6,8,8,SSD,512,No secondary storage,0,intel,integrated,False,14.0,1920,1080,windows,1
898,asus,Asus Vivobook Go 14 E1404GA-NK322WS Laptop (Intel Core i3-N305/ 8GB/ 512GB SSD/ Win11 Home),38980,48,intel,core i3,8,8,8,SSD,512,No secondary storage,0,intel,integrated,False,14.0,1920,1080,windows,1
691,hp,HP 14-hr0001AU Laptop (AMD Ryzen 5 7520U/ 8GB/ 512GB SSD/ Win11 Home),44990,58,amd,ryzen 5,4,8,8,SSD,512,No secondary storage,0,amd,integrated,False,14.0,1920,1080,windows,1
451,lenovo,Lenovo IdeaPad 3 82H802L3IN Laptop (11th Gen Core i3/ 8GB/ 512GB SSD/ Win11 Home),36650,58,intel,core i3,2,4,8,SSD,512,No secondary storage,0,intel,integrated,False,15.6,1920,1080,windows,1
437,dell,Dell Inspiron 15 3520 IN352092K4N001ORS1 Laptop (12th Gen Core i5/ 16GB/ 512GB SSD/ Win11),56880,57,intel,core i5,10,12,16,SSD,512,No secondary storage,0,intel,integrated,False,15.6,1920,1080,windows,1
590,hp,HP Pavilion x360 14-ek1074TU Laptop (13th Gen Core i5/ 16GB/ 512GB SSD/ Win11),78100,67,intel,core i5,10,12,16,SSD,512,No secondary storage,0,intel,integrated,True,14.0,1920,1080,windows,1
695,asus,Asus Vivobook 16X 2023 K3605ZF-MBN544WS Laptop (12th Gen Core i5/ 16GB/ 512GB SSD/ Win11 Home/ 4GB Graph),83599,72,intel,core i5,8,12,16,SSD,512,No secondary storage,0,nvidia,dedicated,False,16.0,1920,1200,windows,1
266,samsung,Samsung Galaxy Book 3 NP750XFG-KB1IN Laptop (13th Gen Core i5/ 8GB/ 512GB SSD/ Win11),69990,56,intel,core i5,10,12,8,SSD,512,No secondary storage,0,intel,integrated,False,15.6,1920,1080,windows,1
86,asus,Asus VivoBook 14 X1400EA-EK543WS Notebook (11th Gen Core i5/16GB/ 512GB SSD/ Win11 Home),46990,57,intel,core i5,4,8,16,SSD,512,No secondary storage,0,intel,integrated,False,14.0,1920,1080,windows,1
510,lenovo,Lenovo IdeaPad Slim 5 82XE0072IN Laptop (AMD Ryzen 7 7730U/ 16GB/ 512GB SSD/ Win11),64190,69,amd,ryzen 7,8,16,16,SSD,512,No secondary storage,0,amd,integrated,False,14.0,1920,1200,windows,1
71,hp,HP Victus 15-fa0998TX Gaming Laptop (12th Gen Core i5/ 16GB/ 512GB SSD/ Win11/ 4GB Graph),69999,72,intel,core i5,8,12,16,SSD,512,No secondary storage,0,nvidia,dedicated,False,15.6,1920,1080,windows,1
139,acer,Acer TravelMate TMP214-53 Business Laptop (11th Gen Core i5/ 16GB/ 512GB SSD/ Win11 Home),38990,64,intel,core i5,4,8,16,SSD,512,No secondary storage,0,intel,integrated,False,14.0,1920,1080,windows,1
532,hp,HP Omen 16-wf0056TX 834U0PA Gaming Laptop (13th Gen Core i7/ 16 GB RAM/ 512 GB SSD/ Win 11/ 8 GB Graphics),152990,70,intel,core i7,16,24,16,SSD,512,No secondary storage,0,nvidia,dedicated,False,16.1,1920,1080,windows,1
172,lenovo,Lenovo IdeaPad Gaming 3 82SB00V2IN Laptop (AMD Ryzen 5 6600H/ 8GB/ 512GB SSD/ Win11 Home/ 4GB Graph),61712,60,amd,ryzen 5,6,12,8,SSD,512,No secondary storage,0,nvidia,dedicated,False,15.6,1920,1080,windows,1
487,lenovo,Lenovo Ideapad Slim 5 82XE004QIN Laptop (AMD Ryzen 5 7530U/ 16 GB RAM/ 512 GB SSD/ Win 11),66389,62,amd,ryzen 5,6,12,16,SSD,512,No secondary storage,0,amd,integrated,False,14.0,1920,1200,windows,1
315,lenovo,Lenovo IdeaPad Slim 3i 82RK011EIN Laptop (12th Gen Core i7/ 16GB/ 512GB SSD/ Win11 Home),62990,66,intel,core i7,10,12,16,SSD,512,No secondary storage,0,intel,integrated,False,15.6,1920,1080,windows,1
1000,asus,Asus Vivobook Go 15 2023 E1504FA-NJ522WS Laptop (Ryzen 5 7520U / 8GB/ 512GB SSD/ Win11 Home),44990,59,amd,ryzen 5,4,8,8,SSD,512,No secondary storage,0,amd,integrated,False,15.6,1920,1080,windows,1
811,asus,Asus TUF Gaming F15 2023 FX507VU-LP083WS Gaming Laptop (13th Gen Core i7/ 16GB/ 512GB SSD/ Win11 Home/ 6GB Graph),126890,73,intel,core i7,14,20,16,SSD,512,No secondary storage,0,nvidia,dedicated,False,15.6,1920,1080,windows,1
989,msi,MSI Modern 14 C13M-436IN Laptop (13th Gen Core i5/ 16GB/ 512GB SSD/ Win11 Home),53990,58,intel,core i5,10,12,16,SSD,512,No secondary storage,0,intel,integrated,False,14.0,1920,1080,windows,1
717,msi,MSI Bravo 15 C7UCXK-094IN Gaming Laptop (AMD Ryzen 5 7535HS/ 16 GB RAM/ 512 GB SSD/ Win 11/ 4 GB Graphics),57990,67,amd,ryzen 5,6,12,16,SSD,512,No secondary storage,0,nvidia,dedicated,False,15.6,1920,1080,windows,2
778,hp,HP Victus 15-fb0137AX Gaming Laptop (Ryzen 7 5800H/ 16GB/ 512GB SSD/ Win11/ 4GB Graph),73990,67,amd,ryzen 7,8,16,16,SSD,512,No secondary storage,0,nvidia,dedicated,False,15.6,1920,1080,windows,1
11,dell,Dell Inspiron 3520 D560896WIN9B Laptop (12th Gen Core i3/ 8GB/ 512GB SSD/ Win11),34990,60,intel,core i3,6,8,8,SSD,512,No secondary storage,0,intel,integrated,False,15.6,1920,1080,windows,1
672,hp,HP Envy x360 15-fh0019AU Laptop (AMD Ryzen 7 7730U/ 16GB/ 512GB SSD/ Win11 Home),87690,70,amd,ryzen 7,8,16,16,SSD,512,No secondary storage,0,amd,integrated,True,15.6,1920,1080,windows,1
687,lenovo,Lenovo IdeaPad Gaming 3 15ACH6 82K2025JIN Laptop (AMD Ryzen 5 5600H/ 8GB/ 512GB SSD/ Win11 Home/ 4GB Graph),57390,67,amd,ryzen 5,6,12,8,SSD,512,No secondary storage,0,nvidia,dedicated,False,15.6,1920,1080,windows,1
473,lenovo,Lenovo ThinkBook 15 Gen 5 21JF0026MJ Laptop (AMD Ryzen 7 7730U/ 16GB/ 512GB SSD/ Win11),53990,69,amd,ryzen 7,8,16,16,SSD,512,No secondary storage,0,amd,integrated,False,16.0,1920,1080,windows,1
456,acer,Acer Aspire Lite 15 AL15-51 Laptop (11th Gen Core i3/16GB/ 512GB SSD/ Win11),34990,62,intel,core i3,2,4,16,SSD,512,No secondary storage,0,intel,integrated,False,15.6,1920,1080,windows,1
800,dell,Dell G15-5530 Gaming Laptop (13th Gen Core i7/ 16GB/ 512GB SSD/ Win11/ RTX 4050 6GB Graph),109990,73,intel,core i7,14,16,16,SSD,512,No secondary storage,0,nvidia,dedicated,False,15.6,1920,1080,windows,1
105,hp,HP Victus 15-fb1016AX  Gaming Laptop (AMD Ryzen 5 7535HS/ 8GB/ 512GB SSD/ Win11/ 4GB Graph),55990,67,amd,ryzen 5,6,12,8,SSD,512,No secondary storage,0,nvidia,dedicated,False,15.6,1920,1080,windows,1
440,lenovo,Lenovo V14 G4 Laptop (AMD Ryzen 3 7320U / 8GB/ 512GB SSD/ Win11 Home),29990,51,amd,ryzen 3,4,8,8,SSD,512,No secondary storage,0,amd,integrated,False,14.0,1920,1080,windows,1
700,lenovo,Lenovo IdeaPad Gaming 3 82K2022VIN Laptop (AMD Ryzen 5-5600H/ 8GB/ 512GB SSD/ Win11 Home/ 4GB Graph),60490,67,amd,ryzen 5,6,12,8,SSD,512,No secondary storage,0,nvidia,dedicated,False,15.6,1920,1080,windows,1
501,asus,Asus Vivobook 16 2023 X1605ZAB-MB322WS Laptop (12th Gen Core i3/ 8GB/ 512GB SSD/ Win11 Home),44639,57,intel,core i3,6,8,8,SSD,512,No secondary storage,0,intel,integrated,False,16.0,1920,1200,windows,1
415,lenovo,Lenovo IdeaPad 1 82VG00ESIN Laptop (AMD Ryzen 5 7520U / 8GB/ 512GB SSD/ Win11 Home),39990,57,amd,ryzen 5,4,8,8,SSD,512,No secondary storage,0,amd,integrated,False,15.6,1920,1080,windows,1
924,dell,Dell Inspiron 3525 D560771WIN9S Laptop (AMD Ryzen 5 5625U/ 8GB/ 512GB SSD/ Win11),44990,62,amd,ryzen 5,6,12,8,SSD,512,No secondary storage,0,amd,integrated,False,15.6,1920,1080,windows,1
455,lenovo,Lenovo IdeaPad Gaming 3 15IHU6 82K101PCIN Laptop (11th Gen Core i5/ 8GB/ 512GB SSD/ Win11/ 4GB Graph),49990,65,intel,core i5,4,8,8,SSD,512,No secondary storage,0,nvidia,dedicated,False,15.6,1920,1080,windows,1
241,hp,HP 15s-fr5009TU Laptop (12th Gen Core i3/ 8GB/ 512GB SSD/ Win11 Home),40190,59,intel,core i3,6,8,8,SSD,512,No secondary storage,0,intel,integrated,False,15.6,1920,1080,windows,1
210,hp,HP 15s-ey2001AU Laptop (AMD Ryzen 7 5700U/ 16GB/ 512GB SSD/ Win11 Home),55990,63,amd,ryzen 7,8,16,16,SSD,512,No secondary storage,0,amd,integrated,False,15.6,1920,1080,windows,1
734,lenovo,Lenovo Thinkpad E14 G4 21E3006UIG Laptop (12th Gen Core i5/ 8GB/ 512GB SSD/ DOS),67000,63,intel,core i5,10,12,8,SSD,512,No secondary storage,0,intel,integrated,False,14.0,1920,1080,dos,1
787,hp,HP Victus 15-fb0136AX Gaming Laptop (AMD Ryzen 5 5600H/ 16GB/ 512GB SSD/ Win11/ 4GB Graph),64990,66,amd,ryzen 5,6,12,16,SSD,512,No secondary storage,0,nvidia,dedicated,False,15.6,1920,1080,windows,1
296,avita,Avita Pura NS14A6 Laptop (AMD Ryzen 5/ 8GB/ 512GB SSD/ Win10),21390,56,amd,ryzen 5,4,8,8,SSD,512,No secondary storage,0,amd,integrated,False,14.0,1920,1080,windows,1
546,lenovo,Lenovo IdeaPad Slim 5 16IRL8 82XF003JIN Laptop (13th Gen Core i7/ 16GB/ 512GB SSD/ Win11),84190,64,intel,core i7,14,20,16,SSD,512,No secondary storage,0,intel,integrated,False,16.0,1920,1080,windows,1
516,asus,Asus Vivobook 16X K3605ZU-MBN541WS Laptop (12th Gen Core i5/ 16 GB RAM/ 512 GB SSD/ Win 11/ 6GB Graphics),94369,70,intel,core i5,8,12,16,SSD,512,No secondary storage,0,nvidia,dedicated,False,16.0,1920,1200,windows,1
895,asus,Asus Vivobook 15 X1502ZA-EJ953WS Laptop (12th Gen Core i3/ 8GB/ 512GB SSD/ Win11),39790,52,intel,core i3,6,8,8,SSD,512,No secondary storage,0,intel,integrated,False,15.6,1920,1080,windows,1
816,lenovo,Lenovo IdeaPad Slim 5 82FG01B3IN Laptop (11th Gen Core i5/ 16GB/ 512GB SSD/ Win11 Home),52900,67,intel,core i5,4,8,16,SSD,512,No secondary storage,0,intel,integrated,False,15.6,1920,1080,windows,1
987,msi,MSI Modern 14 C13M-435IN Laptop (13th Gen Core i7/ 16GB/ 512GB SSD/ Win11 Home),60990,61,intel,core i7,10,12,16,SSD,512,No secondary storage,0,intel,integrated,False,14.0,1920,1080,windows,1
49,msi,MSI Modern 14 C11M-030IN Laptop (11th Gen Core i5/ 8GB/ 512GB SSD/ Win11 Home),35950,58,intel,core i5,4,8,8,SSD,512,No secondary storage,0,intel,integrated,False,14.0,1920,1080,windows,1
953,msi,MSI Modern 15 B7M-071IN Laptop (AMD Ryzen 5-7530U/ 16GB/ 512GB SSD/ Win11),48990,54,amd,ryzen 5,6,12,16,SSD,512,No secondary storage,0,amd,integrated,False,15.6,1920,1080,windows,1
850,hp,HP 15-fd0024TU Laptop (13th Gen Core i7/ 16GB/ 512 GB SSD/ Win11 Home),79590,66,intel,core i7,12,16,16,SSD,512,No secondary storage,0,intel,integrated,False,15.6,1920,1080,windows,1
918,asus,Asus Vivobook 15X OLED 2023 K3504VA-LK542WS Laptop (13th Gen Core i5/ 16GB/ 512GB SSD/ Win11 Home),68390,64,intel,core i5,12,16,16,SSD,512,No secondary storage,0,intel,integrated,False,15.6,1920,1080,windows,1
774,dell,Dell Inspiron 5430 IN54304D6P9M01ORS1 Laptop (13th Gen Core i7/ 16GB/ 512GB SSD/ Win11),88980,56,intel,core i7,10,12,16,SSD,512,No secondary storage,0,intel,integrated,False,14.0,1920,1080,windows,1
229,hp,HP Victus 15-fb0131AX Gaming Laptop (AMD Ryzen 5 5600H/ 8GB/ 512GB SSD/ Win11/ 4GB Graph),49990,65,amd,ryzen 5,6,12,8,SSD,512,No secondary storage,0,amd,dedicated,False,15.6,1920,1080,windows,1
33,samsung,Samsung Galaxy Book2 NP550XED-KA2IN Laptop (12th Gen Core i5/ 16GB/ 512GB SSD/ Win11),47990,62,intel,core i5,10,12,16,SSD,512,No secondary storage,0,intel,integrated,False,15.6,1920,1080,windows,1
272,hp,HP Victus 16-d0311TX Gaming Laptop (11th Gen Core i5/ 16GB/ 512GB SSD/ Win11/ 4GB Graph),57990,73,intel,core i5,6,12,16,SSD,512,No secondary storage,0,nvidia,dedicated,False,16.1,1920,1080,windows,1
770,dell,Dell Inspiron 7430 IC7430VVR8C001ORS1 Laptop (13th Gen Core i5/ 16GB/ 512GB SSD/ Win11),80020,58,intel,core i5,10,12,16,SSD,512,No secondary storage,0,intel,integrated,True,14.0,1920,1200,windows,1
769,dell,Dell Inspiron 7430 IC7430FD64T001ORS1 Laptop (13th Gen Core i7/ 16GB/ 512GB SSD/ Win11),99490,59,intel,core i7,10,12,16,SSD,512,No secondary storage,0,intel,integrated,True,14.0,1920,1200,windows,1
41,asus,Asus Vivobook 16X 2023 K3605ZF-MB541WS Laptop (12th Gen Core i5/ 16GB/ 512GB SSD/ Win11 Home/ 4GB Graph),63990,72,intel,core i5,8,12,16,SSD,512,No secondary storage,0,nvidia,dedicated,False,16.0,1920,1200,windows,1
893,hp,HP Victus 15-fb0121AX Gaming Laptop (AMD Ryzen 5 5600H/ 8GB/ 512GB SSD/ Win11/ 4GB Graph),51990,67,amd,ryzen 5,6,12,8,SSD,512,No secondary storage,0,nvidia,dedicated,False,15.6,1920,1080,windows,1
757,lenovo,Lenovo V14 G3 IAP Laptop (12th Gen Core i3/ 8GB/ 512GB SSD/ Win11),34990,54,intel,core i3,6,8,8,SSD,512,No secondary storage,0,intel,integrated,False,14.0,1920,1080,windows,1
802,dell,Dell G15-5530 GN553064GRM002ORB1 Gaming Laptop (13th Gen Core i5/ 8GB/ 512GB SSD/ Win11/ 6GB Graph),81402,69,intel,core i5,10,16,8,SSD,512,No secondary storage,0,nvidia,dedicated,False,15.6,1920,1080,windows,1
697,dell,Dell Inspiron 5430 2023 Laptop (13th Gen Core i7/ 16GB/ 512GB SSD/ Win11),87990,56,intel,core i7,10,12,16,SSD,512,No secondary storage,0,intel,integrated,False,14.0,1920,1080,windows,1
407,dell,Dell Inspiron 5430 IN5430FR0KC001ORS1 Laptop (13th Gen Core i5/ 8GB/ 512GB SSD/ Win11),61990,53,intel,core i5,10,12,8,SSD,512,No secondary storage,0,intel,integrated,False,14.0,1920,1080,windows,1
602,acer,Acer Nitro 5 AN515-58 NH.QFHSI.008 Gaming Laptop (12th Gen Core i5/ 8GB/ 512GB SSD/ Win11/ 4GB Graph),67499,65,intel,core i5,8,12,8,SSD,512,No secondary storage,0,nvidia,dedicated,False,15.6,1920,1080,windows,1
248,hp,HP 15-fc0026AU Laptop (AMD Ryzen 3 7320U/ 8GB/ 512GB SSD/ Win11 Home),34990,54,amd,ryzen 3,4,8,8,SSD,512,No secondary storage,0,amd,integrated,False,15.6,1920,1080,windows,1
212,dell,Dell Inspiron 3525 Laptop (AMD Ryzen 5 5500U/ 8GB/ 512GB SSD/ Win11),39240,63,amd,ryzen 5,6,12,8,SSD,512,No secondary storage,0,amd,integrated,False,15.6,1920,1080,windows,1
945,lenovo,Lenovo V15 G2 82KDA022IH Laptop (AMD Ryzen 5 5500U/ 8GB/ 512GB SSD/ Win11 Home),35890,56,amd,ryzen 5,6,12,8,SSD,512,No secondary storage,0,amd,integrated,False,15.6,1920,1080,windows,1
187,msi,MSI Modern 14 C12M-459IN Laptop (12th Gen Core i7/ 16GB/ 512GB SSD/ Win11 Home),54990,60,intel,core i7,10,12,16,SSD,512,No secondary storage,0,intel,integrated,False,14.0,1920,1080,windows,1
273,hp,HP 15s-fr4000TU Laptop (11th Gen Core i5/ 8GB/ 512GB SSD/ Win11 Home),48450,62,intel,core i5,4,8,8,SSD,512,No secondary storage,0,intel,integrated,False,15.6,1920,1080,windows,1
89,lenovo,Lenovo ThinkBook 15 G5 21JF002JIN Laptop (AMD Ryzen 3 7330U/ 8 GB/ 512 GB SSD/ Win11),34990,66,amd,ryzen 3,4,8,8,SSD,512,No secondary storage,0,amd,integrated,False,15.6,1920,1080,windows,1
858,hp,HP 15s-fy5003TU Laptop (12th Gen Core i3/ 8GB/ 512GB SSD/ Win11 Home),40100,54,intel,core i3,6,8,8,SSD,512,No secondary storage,0,intel,integrated,False,15.6,1920,1080,windows,1
366,lenovo,Lenovo V15 G4 Laptop (AMD Ryzen 5 7520U/ 8GB/ 512GB SSD/ Win11 Home),36990,53,amd,ryzen 5,4,8,8,SSD,512,No secondary storage,0,amd,integrated,False,15.6,1920,1080,windows,1
30,hp,HP Pavilion 15-eg3081TU Laptop (13th Gen Core i5/ 16GB/ 512GB SSD/ Win11 Home),71999,66,intel,core i5,12,16,16,SSD,512,No secondary storage,0,intel,integrated,False,15.6,1920,1080,windows,1
528,asus,Asus TUF Gaming F15 FX506HF-HN076W Gaming Laptop (11th Gen Core i5/ 16GB/ 512GB SSD/ Win11/ 4GB Graph),57990,69,intel,core i5,6,12,16,SSD,512,No secondary storage,0,nvidia,dedicated,False,15.6,1920,1080,windows,1
427,dell,Dell Inspiron 15 3511 IN35117W5CCS01ORB1 Laptop (11th Gen Core i5/ 8GB/ 512GB SSD/ Win11),68028,53,intel,core i5,4,8,8,SSD,512,No secondary storage,0,intel,integrated,False,15.6,1920,1080,windows,1
764,lenovo,Lenovo IdeaPad 5 15ITL05 82FG01UUIN Laptop (11th Gen Core i7/ 16GB/ 512GB SSD/ Win11/ 2GB Graphic),74889,64,intel,core i7,4,8,16,SSD,512,No secondary storage,0,nvidia,dedicated,False,15.6,1920,1080,windows,1
955,lenovo,Lenovo Thinkpad E15 21E6S05G00 Laptop (12th Gen Core i5/ 8GB/ 512GB SSD/ DOS),65999,55,intel,core i5,10,12,8,SSD,512,No secondary storage,0,intel,integrated,False,15.6,1920,1080,dos,1
307,lenovo,Lenovo Ideapad Flex 5 14IAU7 82R700KHIN Laptop (12th Gen Core i3/ 8GB/ 512GB SSD/ Win11 Home),54990,58,intel,core i3,6,8,8,SSD,512,No secondary storage,0,intel,integrated,True,14.0,1920,1200,windows,1
564,msi,MSI Thin GF63 11UCX-1497IN Gaming Laptop (11th Gen Core i5/ 8GB/ 512GB SSD/ Win11 Home/ 4GB Graph),55990,69,intel,core i5,6,12,8,SSD,512,No secondary storage,0,nvidia,dedicated,False,15.6,1920,1080,windows,2
875,dell,Dell Vostro 3420 Laptop (11th Gen Core i5/ 16GB/ 512GB SSD/ Win11),51990,63,intel,core i5,4,8,16,SSD,512,No secondary storage,0,intel,integrated,False,14.0,1920,1080,windows,1
484,lenovo,Lenovo IdeaPad 3 82H803HRIN Laptop (11th Gen Core i7/ 16GB/ 512GB SSD/ Win11 Home),62990,60,intel,core i7,4,8,16,SSD,512,No secondary storage,0,intel,integrated,False,15.6,1920,1080,windows,1
140,asus,Asus Vivobook 15 Touch X515EA-EZ311WS Laptop (11th Gen Core i3/ 8GB/ 512GB SSD/ Win11 Home),33490,56,intel,core i3,2,4,8,SSD,512,No secondary storage,0,intel,integrated,True,15.6,1920,1080,windows,1
284,hp,HP 15s-fq2673TU Laptop (11th Gen Core i3/ 8GB/ 512GB SSD/ Win11 Home),40609,58,intel,core i3,2,4,8,SSD,512,No secondary storage,0,intel,integrated,False,15.6,1920,1080,windows,1
644,lg,LG UltraPC 16 16U70R-G.AH56A2 Laptop (AMD Ryzen5-7530U/ 16GB/ 512GB SSD/ Win11),78299,72,amd,ryzen 5,6,12,16,SSD,512,No secondary storage,0,amd,integrated,True,16.0,1920,1200,windows,1
580,asus,Asus Vivobook 16X 2023 K3605ZC-MBN741WS Laptop (12th Gen Core i7/ 16GB/ 512GB SSD/ Win11 Home/ 4GB Graph),94990,72,intel,core i7,10,16,16,SSD,512,No secondary storage,0,nvidia,dedicated,False,16.0,1920,1200,windows,1
576,lenovo,Lenovo IdeaPad Slim 5 82XE004RIN Laptop (AMD Ryzen 5 7530U/ 16GB/ 512GB SSD/ Win11),58990,64,amd,ryzen 5,6,12,16,SSD,512,No secondary storage,0,amd,integrated,False,14.0,1920,1200,windows,1
547,lenovo,Lenovo IdeaPad Slim 5i 82XD0040IN Laptop (13th Gen Core i7/ 16GB/ 512GB SSD/ Win11),86990,62,intel,core i7,10,16,16,SSD,512,No secondary storage,0,intel,integrated,False,14.0,1920,1200,windows,1
8,asus,Asus TUF Gaming F15 FX506HF-HN024W Gaming Laptop (11th Gen Core i5/ 8GB/ 512GB SSD/ Win11/ 4GB Graph),49990,70,intel,core i5,6,12,8,SSD,512,No secondary storage,0,nvidia,dedicated,False,15.6,1920,1080,windows,1
70,asus,Asus TUF Gaming F15 FX506HF-HN025W Gaming Laptop (11th Gen Core i5/ 16GB/ 512GB SSD/ Win11/ 4GB Graph),57990,72,intel,core i5,6,12,16,SSD,512,No secondary storage,0,nvidia,dedicated,False,15.6,1920,1080,windows,1
705,msi,MSI Cyborg 15 A12VF-049IN Gaming Laptop (12th Gen Core i7/ 16GB/ 512GB SSD/ Win11 Home/ 8GB Graph),111990,78,intel,core i7,10,16,16,SSD,512,No secondary storage,0,nvidia,dedicated,False,15.6,1920,1080,windows,2
676,hp,HP 14-em0027AU Laptop (AMD Ryzen 5 7520U/ 16GB/ 512GB SSD/ Win11 Home),50990,60,amd,ryzen 5,4,8,16,SSD,512,No secondary storage,0,amd,integrated,False,14.0,1920,1080,windows,1
666,asus,Asus Vivobook 15 2023 X1504VA-NJ543WS Laptop (13th Gen Core i5/ 16GB/ 512GB SSD/ Win11),61990,64,intel,core i5,10,12,16,SSD,512,No secondary storage,0,intel,integrated,False,15.6,1920,1080,windows,1
28,ultimus,Ultimus Elite NU14U3INF56BN-CS Laptop (10th Gen Core i5 / 8GB/ 512GB SSD/ Win11 Home),19990,54,intel,core i5,4,8,8,SSD,512,No secondary storage,0,intel,integrated,False,14.1,1920,1080,windows,1
74,infinix,Infinix INBook Y1 Plus Neo XL30 Laptop (Intel Celeron N5100/ 8GB/ 512GB SSD/ Win 11 Home),26990,53,intel,celeron,4,4,8,SSD,512,No secondary storage,0,intel,integrated,False,15.6,1920,1080,windows,1
968,lenovo,Lenovo V15 G3 82TTA01EIN Laptop (12th Gen Core i3/ 8GB/ 512GB SSD/ DOS),32200,48,intel,core i3,6,8,8,SSD,512,No secondary storage,0,intel,integrated,False,15.6,1920,1080,dos,1
947,fujitsu,Fujitsu FMV MH 4ZR1K10326 Laptop (AMD Ryzen 7 5825U/ 16GB/ 512GB SSD/ Win11),56494,70,amd,ryzen 7,8,16,16,SSD,512,No secondary storage,0,amd,integrated,False,15.6,1920,1080,windows,2
5,lenovo,Lenovo V15 82KDA01BIH Laptop (AMD Ryzen 3 5300U/ 8GB/ 512GB SSD/ Win11 Home),28580,62,amd,ryzen 3,4,8,8,SSD,512,No secondary storage,0,amd,integrated,False,15.6,1920,1080,windows,1
625,lenovo,Lenovo IdeaPad Flex 5 82R900D9IN Laptop (AMD Ryzen 7 5700U/ 16GB/ 512GB SSD/ Win11 Home),64990,72,amd,ryzen 7,8,16,16,SSD,512,No secondary storage,0,amd,integrated,True,14.0,1920,1200,windows,1
752,asus,Asus VivoBook 15 X515EA-EJ328WS Laptop (11th Gen Core i3/ 8GB/ 512GB SSD/ Win11),35083,53,intel,core i3,2,4,8,SSD,512,No secondary storage,0,intel,integrated,False,15.6,1920,1080,windows,1
973,msi,MSI Modern 14 C7M-063IN Laptop (Ryzen 5 7530U/ 8GB/ 512GB SSD/ Win11),41990,60,amd,ryzen 5,6,12,8,SSD,512,No secondary storage,0,amd,integrated,False,14.0,1920,1080,windows,1
745,asus,Asus Vivobook 14X 90NB11H2-M004D0 Laptop (12th Gen Core i5/ 16GB/ 512GB SSD/ Win11/4 GB Graphics),69990,69,intel,core i5,8,12,16,SSD,512,No secondary storage,0,nvidia,dedicated,False,14.0,1920,1200,windows,1
660,lenovo,Lenovo ThinkBook 15 21JF002CIN Laptop (AMD Ryzen 3 7330U/ 8 GB/ 512 GB SSD/ DOS),32899,59,amd,ryzen 3,4,8,8,SSD,512,No secondary storage,0,amd,integrated,False,15.6,1920,1080,dos,1
370,asus,Asus Vivobook 16X K3605VU-MB541WS Laptop (13th Gen Core i5/ 16GB/ 512GB SSD/ Win11 Home/ 6GB Graph),99111,69,intel,core i5,12,16,16,SSD,512,No secondary storage,0,nvidia,dedicated,False,16.0,1920,1200,windows,1
42,asus,Asus ROG Flow X13 GV301RC-LJ132WS Gaming Laptop (AMD Ryzen 9 6900HS/ 16GB/ 512GB SSD/ Win11 Home/ 4GB Graph),113571,77,amd,ryzen 9,8,16,16,SSD,512,No secondary storage,0,nvidia,dedicated,True,13.4,1920,1200,windows,1
727,msi,MSI Bravo 15 C7VEK-089IN Gaming Laptop (AMD Ryzen 5 7535HS/ 16GB/ 512GB SSD/ Win11 Home/ 6GB Graph),84990,75,amd,ryzen 5,6,12,16,SSD,512,No secondary storage,0,nvidia,dedicated,False,15.6,1920,1080,windows,1
439,acer,Acer Aspire 5 A515-57 UN.K3JSI.013 Laptop (12th Gen Core i3/ 16GB/ 512GB SSD/ Win11 Home),39990,58,intel,core i3,6,8,16,SSD,512,No secondary storage,0,intel,integrated,False,15.6,1920,1080,windows,1
78,acer,Acer Aspire 5 A515-57G UN.K9TSI.002 Gaming Laptop (12th Gen Core i5/ 16GB/ 512GB SSD/ Win11 Home/ 4GB Graph),56990,71,intel,core i5,12,16,16,SSD,512,No secondary storage,0,nvidia,dedicated,False,15.6,1920,1080,windows,1
378,dell,Dell Inspiron 3520 IN3520KTMFJS01ORS1 Laptop (11th Gen Core i3/ 8GB/ 512GB SSD/ Win11),51487,58,intel,core i3,2,4,8,SSD,512,No secondary storage,0,intel,integrated,False,15.6,1920,1080,windows,1
59,hp,HP Victus 15-FB1001AX Gaming Laptop (AMD Ryzen 5 7535HS/ 8GB/ 512GB SSD/ Win11/ 4GB Graph),54490,70,amd,ryzen 5,6,12,8,SSD,512,No secondary storage,0,nvidia,dedicated,False,15.6,1920,1080,windows,1
253,honor,Honor MagicBook X14 2023 FRI-F56 Laptop (12th Gen Core i5/ 16GB/ 512GB SSD/ Win11 Home),54990,66,intel,core i5,8,12,16,SSD,512,No secondary storage,0,intel,integrated,False,14.0,1920,1200,windows,1
395,asus,Asus TUF Gaming F17 FX707ZC4-HX048WS Gaming Laptop (12th Gen Core i5/ 8GB/ 512GB SSD/ Win11/ 4GB Graph),85990,70,intel,core i5,12,16,8,SSD,512,No secondary storage,0,nvidia,dedicated,False,17.3,1920,1080,windows,1
956,dell,Dell Vostro 5620 M552319WIN9S Laptop (12th Gen Core i7/ 16GB/ 512GB SSD/ Win11/ 2GB Graph),87990,72,intel,core i7,12,16,16,SSD,512,No secondary storage,0,nvidia,dedicated,False,16.0,1920,1080,windows,1
275,hp,HP Pavilion 14-dv2014TU Laptop (12th Gen Core i5/ 16GB/ 512GB SSD/ Win 11),63990,64,intel,core i5,10,12,16,SSD,512,No secondary storage,0,intel,integrated,False,14.0,1920,1080,windows,1
827,asus,Asus Vivobook 16X 2023 K3605ZC-MB541WS Laptop (12th Gen Core i5/ 16GB/ 512GB SSD/ Win11 Home/ 4GB Graph),84950,72,intel,core i5,8,12,16,SSD,512,No secondary storage,0,nvidia,dedicated,False,16.0,1920,1200,windows,1
981,asus,Asus Vivobook Go 14 2023 E1404FA-NK322WS Laptop (Ryzen 3 7320U / 8GB/ 512GB SSD/ Win11 Home),32190,53,amd,ryzen 3,4,8,8,SSD,512,No secondary storage,0,amd,integrated,False,14.0,1920,1080,windows,1
313,lenovo,Lenovo V14 82KAA01QIH Laptop (11th Gen Core i5/ 8GB/ 512GB SSD/ Win10 Home),46990,62,intel,core i5,4,8,8,SSD,512,No secondary storage,0,intel,integrated,False,14.0,1920,1080,windows,1
861,hp,HP 15-fc0030AU Laptop (AMD Ryzen 5 7520U/ 16GB/ 512GB SSD/ Win11 Home),46490,54,amd,ryzen 5,4,8,16,SSD,512,No secondary storage,0,amd,integrated,False,15.6,1920,1080,windows,1
962,lenovo,Lenovo ThinkBook 14 20VDA0V1IH Laptop (11th Gen Core i3/ 8GB/ 512GB SSD/ DOS),43500,54,intel,core i3,2,4,8,SSD,512,No secondary storage,0,intel,integrated,False,14.0,1920,1080,dos,1
967,hp,HP 255 G8 689T4PA Laptop (Ryzen 3 3250U/ 8GB/512GB SSD/ Win11 Home),26999,59,amd,ryzen 3,2,4,8,SSD,512,No secondary storage,0,amd,integrated,False,15.6,1920,1080,windows,1
844,asus,Asus Vivobook 14X 2023 K3405VF-LY541WS Laptop (13th Gen Core i5/ 16GB/ 512GB SSD/ Win11/4 GB Graphics),76619,66,intel,core i5,12,16,16,SSD,512,No secondary storage,0,nvidia,dedicated,False,14.0,1920,1200,windows,1
102,asus,Asus ROG Strix G16 2023 G614JJ-N3086WS Gaming Laptop (13th Gen Core i5/ 16GB/ 512GB SSD/ Win11/ 6GB Graph),94990,70,intel,core i5,10,16,16,SSD,512,No secondary storage,0,nvidia,dedicated,False,16.0,1920,1200,windows,1
565,msi,MSI Thin GF63 11UCX-1496IN Gaming Laptop (11th Gen Core i5/ 16GB/ 512GB SSD/ Win11 Home/ 4GB Graph),58990,71,intel,core i5,6,12,16,SSD,512,No secondary storage,0,nvidia,dedicated,False,15.6,1920,1080,windows,2
267,samsung,Samsung Galaxy Book 3 NP750XFG-KA3IN Laptop (13th Gen Core i7/ 16GB/ 512GB SSD/ Win11),75990,60,intel,core i7,10,12,16,SSD,512,No secondary storage,0,intel,integrated,False,15.6,1920,1080,windows,1
572,hp,HP Omen 16-wf0052TX Gaming Laptop (13th Gen Core i5/ 16GB/ 512GB SSD/ Win11 Home/ 6GB Graph),132599,75,intel,core i5,14,20,16,SSD,512,No secondary storage,0,nvidia,dedicated,False,16.1,1920,1080,windows,1
261,hp,HP ProBook 445 G8 Business Laptop (AMD Ryzen 7 5800U/ 8GB/ 512GB SSD/ Win11),46990,68,amd,ryzen 7,8,16,8,SSD,512,No secondary storage,0,amd,integrated,False,14.0,1920,1080,windows,1
514,asus,Asus Vivobook 16X K3605ZC-MBN542WS Laptop (12th Gen Core i5/ 16 GB RAM/ 512 GB SSD/ Win 11/ 4 GB Graphics),75990,65,intel,core i5,8,12,16,SSD,512,No secondary storage,0,nvidia,dedicated,False,16.0,1920,1200,windows,1
311,lenovo,Lenovo IdeaPad Slim 1 82R400BGIN Laptop (AMD Ryzen 5 5500U/ 8GB/ 512GB SSD/ Win11 Home),36490,50,amd,ryzen 5,6,12,8,SSD,512,No secondary storage,0,amd,integrated,False,15.6,1920,1080,windows,1
244,asus,Asus TUF Gaming F17 FX706HF-HX018W Laptop (11th Gen Core i5/ 8GB/ 512GB SSD/ Win11/ 4GB Graph),55689,64,intel,core i5,6,12,8,SSD,512,No secondary storage,0,nvidia,dedicated,False,17.3,1920,1080,windows,1
575,asus,Asus Vivobook 15 X1504ZA-NJ325WS Laptop (12th Gen Core i3/ 8GB/ 512GB SSD/ Win11),36990,57,intel,core i3,6,8,8,SSD,512,No secondary storage,0,intel,integrated,False,15.6,1920,1080,windows,1
601,hp,HP Omen 16-wf0055TX Gaming Laptop (13th Gen Core i7/ 16GB/ 512GB SSD/ Win11 Home/ 8GB Graph),139990,77,intel,core i7,16,24,16,SSD,512,No secondary storage,0,nvidia,dedicated,False,16.1,1920,1080,windows,1
371,lenovo,Lenovo IdeaPad Gaming 3 15IHU6 82K101R9IN Laptop (11th Gen Core i5/ 8GB/ 512GB SSD/ Win11 Home/ 4GB Graph),55700,69,intel,core i5,4,8,8,SSD,512,No secondary storage,0,nvidia,dedicated,False,15.6,1920,1080,windows,1
583,asus,Asus Vivobook Pro 15 M6500QFB-LK742WS Laptop (Ryzen 7 5800H/ 16GB/ 512GB SSD/ Win11/ 4GB Graph),72990,72,amd,ryzen 7,8,16,16,SSD,512,No secondary storage,0,nvidia,dedicated,False,15.6,1920,1080,windows,1
162,asus,Asus Vivobook 16 2023 X1605ZAB-MB342WS Laptop (12th Gen Core i3/ 16GB/ 512GB SSD/ Win11 Home),47990,62,intel,core i3,6,8,16,SSD,512,No secondary storage,0,intel,integrated,False,16.0,1920,1200,windows,1
849,hp,HP ProBook 440 G9 6J8T1PA Laptop (12th Gen Core i7/ 16GB/ 512GB SSD/ Win11),118000,75,intel,core i7,10,12,16,SSD,512,No secondary storage,0,intel,integrated,False,14.0,1920,1080,windows,1
113,msi,MSI Modern 15 B11M-061IN Laptop (11th Gen Core i5/ 16GB/ 512GB SSD/ Win11 Home),41990,63,intel,core i5,4,8,16,SSD,512,No secondary storage,0,intel,integrated,False,15.6,1920,1080,windows,1
723,acer,Acer One 14 Z8-415 2023 Laptop (11th Gen Core i5 / 16GB/ 512GB SSD/ Win11 Home),40990,60,intel,core i5,4,8,16,SSD,512,No secondary storage,0,intel,integrated,False,14.0,1920,1080,windows,1
966,lenovo,Lenovo V14 82KAA08BIH Laptop (11th Gen Core i3/ 8GB/ 512GB SSD/ Dos),30990,50,intel,core i3,2,4,8,SSD,512,No secondary storage,0,intel,integrated,False,14.0,1920,1080,dos,1
199,lenovo,Lenovo LOQ 15IRH8 82XV00BQIN 2023 Gaming Laptop (13th Gen Core i7/ 16GB/ 512GB SSD/ Win11/ 6GB Graph),99990,67,intel,core i7,10,16,16,SSD,512,No secondary storage,0,nvidia,dedicated,False,15.6,1920,1080,windows,1
675,hp,HP 14-em0025AU Laptop (AMD Ryzen  3 7320U/ 8GB/ 512GB SSD/ Win11 Home),38990,57,amd,ryzen 3,4,8,8,SSD,512,No secondary storage,0,amd,integrated,False,14.0,1920,1080,windows,1
706,lenovo,Lenovo ThinkPad E14 Gen 4 21E3S06Q00 Laptop (12th Gen Core i3/ 8GB/ 512GB SSD/ DOS),45500,57,intel,core i3,6,8,8,SSD,512,No secondary storage,0,intel,integrated,False,14.0,1920,1080,dos,1
938,acer,Acer Aspire 3 15 A315-510P Laptop (Intel Core i3 N305/ 8GB/ 512GB SSD/ Win11 Home),32990,50,intel,core i3,8,8,8,SSD,512,No secondary storage,0,intel,integrated,False,15.6,1920,1080,windows,1
332,acer,Acer Aspire Lite AL15-52 2023 Laptop (12th Gen Core i5/ 8GB/ 512GB SSD/ Win11),42999,62,intel,core i5,10,12,8,SSD,512,No secondary storage,0,intel,integrated,False,15.6,1920,1080,windows,1
585,hp,HP Victus 15-fb0134AX Gaming Laptop (AMD Ryzen 5 5600H/ 16GB/ 512GB SSD/ Win11/ 4GB Graph),56490,70,amd,ryzen 5,6,12,16,SSD,512,No secondary storage,0,amd,dedicated,False,15.6,1920,1080,windows,1
617,msi,MSI Modern 15 B12M-613IN Laptop (12th Gen Core i3/ 8GB/ 512GB SSD/ Win11 Home),36990,58,intel,core i3,6,8,8,SSD,512,No secondary storage,0,intel,integrated,False,15.6,1920,1080,windows,1
593,lenovo,Lenovo LOQ 15APH8 82XT004HIN 2023 Gaming Laptop (AMD Ryzen 7 7840HS/ 16GB/ 512GB SSD/ Win11/ 6GB Graph),88527,73,amd,ryzen 7,8,16,16,SSD,512,No secondary storage,0,nvidia,dedicated,False,15.6,1920,1080,windows,1
701,lenovo,Lenovo IdeaPad 3 15ITL05 81X800N2IN Laptop (11th Gen Core i3/ 8GB/ 512GB SSD/ Win11),35490,59,intel,core i3,2,4,8,SSD,512,No secondary storage,0,intel,integrated,False,15.6,1920,1080,windows,1
13,msi,MSI Thin GF63 12UC-846IN Gaming Laptop (12th Gen Core i5/ 16GB/ 512GB SSD/ Win11 Home/ 4GB Graphics),52990,71,intel,core i5,8,12,16,SSD,512,No secondary storage,0,nvidia,dedicated,False,15.6,1920,1080,windows,2
664,asus,Asus Vivobook 16X 2023 K3605ZU-MB541WS Laptop (12th Gen Core i5/ 16GB/ 512GB SSD/ Win11 Home/ 6GB Graph),99990,75,intel,core i5,8,12,16,SSD,512,No secondary storage,0,nvidia,dedicated,False,16.0,1920,1200,windows,1
58,hp,HP Victus 16-s0095AX Gaming Laptop (AMD Ryzen 7 7840HS/ 16GB/ 512GB SSD/ Win11/ 6GB Graph),83590,76,amd,ryzen 7,8,16,16,SSD,512,No secondary storage,0,nvidia,dedicated,False,16.1,1920,1080,windows,1
226,acer,Acer Aspire 3 A315-59 NX.K6TSI.00C Laptop (12th Gen Core i3/ 8GB/ 512GB SSD/ Win11),31990,57,intel,core i3,6,8,8,SSD,512,No secondary storage,0,intel,integrated,False,15.6,1920,1080,windows,1
423,lenovo,Lenovo IdeaPad Slim 1 82VG00EVIN Laptop (AMD Ryzen 3 7320U/ 8GB/ 512GB SSD/ Win11 Home),32990,57,amd,ryzen 3,4,8,8,SSD,512,No secondary storage,0,amd,integrated,False,15.6,1920,1080,windows,1
508,lenovo,Lenovo IdeaPad Slim 5 14IAH8 83BF000UIN Laptop (12th Gen Core i5/ 16GB/ 512GB SSD/ Win11),60190,59,intel,core i5,8,12,16,SSD,512,No secondary storage,0,intel,integrated,False,14.0,1920,1080,windows,1
681,lenovo,Lenovo IdeaPad Gaming 3 82K2025LIN Laptop (AMD Ryzen 5 5600H/ 16GB/ 512GB SSD/ Win11 Home/ 4GB Graph),72990,69,amd,ryzen 5,6,12,16,SSD,512,No secondary storage,0,nvidia,dedicated,False,15.6,1920,1080,windows,1
92,hp,HP Victus 15-fb1002AX Gaming Laptop (AMD Ryzen 5 7535HS/ 8GB/ 512GB SSD/ Win11/ 4GB Graph),51990,70,amd,ryzen 5,6,12,8,SSD,512,No secondary storage,0,nvidia,dedicated,False,15.6,1920,1080,windows,1
184,asus,Asus TUF Gaming F15 FX506HE-HN382W Gaming Laptop (11th Gen Core i7/ 16GB/ 512GB SSD/ Win11/ 4GB Graph),72990,71,intel,core i7,8,16,16,SSD,512,No secondary storage,0,nvidia,dedicated,False,15.6,1920,1080,windows,1
839,hp,HP 15-fd0021TU Laptop (13th Gen Core i5/ 8GB/ 512GB SSD/ Win11 Home),61490,57,intel,core i5,10,12,8,SSD,512,No secondary storage,0,intel,integrated,False,15.6,1920,1080,windows,1
634,acer,Acer Aspire 5 2023 A515-58M Gaming Laptop (13th Gen Core i7/ 8GB/ 512GB SSD/ Win11 Home/ 4GB Graphic),75499,59,intel,core i7,10,12,8,SSD,512,No secondary storage,0,nvidia,dedicated,False,15.6,1920,1080,windows,1
795,dell,Dell G15-5530 Gaming 2023 Laptop (13th Gen Core i7/ 16GB/ 512GB SSD/ Win11/ RTX 4060 8GB Graph),149290,76,intel,core i7,14,16,16,SSD,512,No secondary storage,0,nvidia,dedicated,False,15.6,1920,1080,windows,1
438,dell,Dell Vostro 3530 Laptop (13th Gen Core i5/ 8GB/ 512GB SSD/ Win11),56990,56,intel,core i5,10,12,8,SSD,512,No secondary storage,0,intel,integrated,False,15.6,1920,1080,windows,1
818,asus,Asus TUF Gaming A15 FA577NU-LP082W Gaming Laptop (AMD Ryzen 7 7735HS/ 16GB/ 512GB SSD/ Win11/ 6GB Graph),94990,77,amd,ryzen 7,8,16,16,SSD,512,No secondary storage,0,nvidia,dedicated,False,15.6,1920,1080,windows,1
497,asus,Asus Vivobook 16X 2023 K3605ZV-MBN741WS Laptop (12th Gen Core i7/ 16GB/ 512GB SSD/ Win11),114990,72,intel,core i7,10,16,16,SSD,512,No secondary storage,0,nvidia,dedicated,False,16.0,1920,1200,windows,1
242,hp,HP 15-fd0013TU Laptop (13th Gen Core i5/ 16GB/ 512GB SSD/ Win11 Home),61990,57,intel,core i5,10,12,16,SSD,512,No secondary storage,0,intel,integrated,False,15.6,1920,1080,windows,1
442,dell,Dell Inspiron 3520 15 Laptop (12th Gen Core i5/ 8GB/ 512GB SSD/ Win11),50990,57,intel,core i5,10,12,8,SSD,512,No secondary storage,0,intel,integrated,False,15.6,1920,1080,windows,1
856,acer,Acer One 14 Z8-415 Laptop (11th Gen Core i5 / 8GB/ 512GB SSD/ Win11 Home),39990,58,intel,core i5,4,8,8,SSD,512,No secondary storage,0,intel,integrated,False,14.0,1920,1080,windows,1
588,asus,Asus VivoBook 15 X1500EA-EJ326WS Laptop (11th Gen Core i3/ 8GB/ 512GB SSD/ Win11),32790,54,intel,core i3,2,4,8,SSD,512,No secondary storage,0,intel,integrated,False,15.6,1920,1080,windows,1
878,acer,Acer Aspire 5 A515-56G Laptop (11th Gen Core i5/ 8GB/ 512GB SSD/ Win11 Home/ 2GB Graph),44994,64,intel,core i5,4,8,8,SSD,512,No secondary storage,0,nvidia,dedicated,False,15.6,1920,1080,windows,1
60,hp,HP 15s-eq2132AU Laptop (AMD Ryzen 5 5500U/ 16GB/ 512GB SSD/ Win11 Home),42499,63,amd,ryzen 5,6,12,16,SSD,512,No secondary storage,0,amd,integrated,False,15.6,1920,1080,windows,1
793,hp,HP Victus 15-fb0135AX Gaming Laptop (AMD Ryzen 5 5600H/ 8GB/ 512GB SSD/ Win11/ 4GB Graph),61990,64,amd,ryzen 5,6,12,8,SSD,512,No secondary storage,0,nvidia,dedicated,False,15.6,1920,1080,windows,1
512,lenovo,Lenovo IdeaPad Slim 3 82XQ0096IN Laptop (AMD Ryzen 5 7520U/ 16GB/ 512GB SSD/ Win11 Home),44990,60,amd,ryzen 5,4,8,16,SSD,512,No secondary storage,0,amd,integrated,False,15.6,1920,1080,windows,1
318,dell,Dell Inspiron 7430 14 2 in 1 Laptop (13th Gen Core i3/ 8GB/ 512GB SSD/ Win11),59890,58,intel,core i3,6,8,8,SSD,512,No secondary storage,0,intel,integrated,True,14.0,1920,1200,windows,1
786,hp,HP 14-ep0068TU Laptop (Core i3-N305/ 8GB/ 512GB SSD/ Win11 Home),38990,47,intel,core i3,8,8,8,SSD,512,No secondary storage,0,intel,integrated,False,14.0,1920,1080,windows,1
623,asus,Asus Vivobook 16X 2023 K3605ZF-MBN543WS Laptop (12th Gen Core i5/ 16GB/ 512GB SSD/ Win11 Home/ 4GB Graph),64990,72,intel,core i5,8,12,16,SSD,512,No secondary storage,0,nvidia,dedicated,False,16.0,1920,1200,windows,1
238,asus,Asus Vivobook 15 X1502ZA-EJ532WS Laptop (12th Gen Core i5/ 8GB/ 512GB SSD/ Win11),47830,64,intel,core i5,10,12,8,SSD,512,No secondary storage,0,intel,integrated,False,15.6,1920,1080,windows,1
950,dell,Dell XPS 9315 D560076WIN9S Laptop (12th Gen Core i5 / 16GB/ 512GB SSD/ Win11),119600,68,intel,core i5,10,12,16,SSD,512,No secondary storage,0,intel,integrated,True,13.0,1920,1080,windows,1
885,hp,HP Victus 15-fa1066TX Gaming Laptop (13th Gen Core i7/ 16GB/ 512GB SSD/ Win11 Home/ 6GB Graph),109990,71,intel,core i7,14,20,16,SSD,512,No secondary storage,0,nvidia,dedicated,False,15.6,1920,1080,windows,1
239,hp,HP 15s-fr4001TU Laptop (11th Gen Core i5/16GB/ 512GB SSD/ Win11 Home),52490,65,intel,core i5,4,8,16,SSD,512,No secondary storage,0,intel,integrated,False,15.6,1920,1080,windows,1
718,msi,MSI Bravo 15 C7UCXK-095IN Gaming Laptop (AMD Ryzen 5 7535HS/ 8 GB RAM/ 512 GB SSD/ Win 11/ 4 GB Graphics),54990,65,amd,ryzen 5,6,12,8,SSD,512,No secondary storage,0,nvidia,dedicated,False,15.6,1920,1080,windows,2
574,asus,Asus VivoBook 14 2023 X1404ZA-NK321WS Laptop (12th Gen Core i3/ 8GB/ 512GB SSD/ Win11 Home),37588,59,intel,core i3,6,8,8,SSD,512,No secondary storage,0,intel,integrated,False,14.0,1920,1080,windows,1
538,acer,Acer Aspire 3 Spin 14 NX.KENSI.002 Laptop (Intel Core i3 N305/ 8GB/ 512GB SSD/ Win11 Home),41490,45,intel,core i3,8,8,8,SSD,512,No secondary storage,0,intel,integrated,False,14.0,1920,1200,windows,1
683,lenovo,Lenovo Thinkpad E15 21E6S05B00 Laptop (12th Gen Core i5/ 8GB/ 512GB SSD/ Win11 Home),65990,67,intel,core i5,10,12,8,SSD,512,No secondary storage,0,intel,integrated,False,15.6,1920,1080,windows,1
209,msi,MSI Modern 14 C11M-029IN Laptop (11th Gen Core i5/ 16GB/ 512GB SSD/ Win11 Home),39990,62,intel,core i5,4,8,16,SSD,512,No secondary storage,0,intel,integrated,False,14.0,1920,1080,windows,1
828,hp,HP Victus 15-fa0092TX Gaming Laptop (12th Gen Core i5/ 16GB/ 512GB SSD/ Win11/ 4GB Graph),69990,65,intel,core i5,8,12,16,SSD,512,No secondary storage,0,nvidia,dedicated,False,15.6,1920,1080,windows,1
143,hp,HP 15s-eq2144au Laptop (Ryzen 5 5500U/ 8GB/ 512GB SSD/ Win11 Home),40499,60,amd,ryzen 5,6,12,8,SSD,512,No secondary storage,0,amd,integrated,False,15.6,1920,1080,windows,1
231,asus,Asus Vivobook 15 M1502QA-EJ742WS Laptop (Ryzen 7 5800H/ 16GB/ 512GB SSD/ Win11),56990,58,amd,ryzen 7,8,16,16,SSD,512,No secondary storage,0,amd,integrated,False,15.6,1920,1080,windows,1
399,lenovo,Lenovo IdeaPad Gaming 3 82K2027CIN Laptop (AMD Ryzen 5 5600H/ 8GB/ 512GB SSD/ Win11 Home/ 4GB Graph),54190,65,amd,ryzen 5,6,12,8,SSD,512,No secondary storage,0,nvidia,dedicated,False,15.6,1920,1080,windows,1
670,hp,HP Envy x360 15-fe0027TU Laptop (13th Gen Core i5/ 16GB/ 512GB SSD/ Win11 Home),87990,66,intel,core i5,10,12,16,SSD,512,No secondary storage,0,intel,integrated,True,15.6,1920,1080,windows,1
145,lenovo,Lenovo V15 G4 82YU00W9IN Laptop (Ryzen 5 7520U/ 8GB/ 512GB SSD/ Win11 Home),35990,60,amd,ryzen 5,4,8,8,SSD,512,No secondary storage,0,amd,integrated,False,15.6,1920,1080,windows,1
603,acer,Acer Aspire Lite AL15-51 2023 Laptop (AMD Ryzen 5 5500U/ 8GB/ 512GB SSD/ Win11),35990,58,amd,ryzen 5,6,12,8,SSD,512,No secondary storage,0,amd,integrated,False,15.6,1920,1080,windows,1
535,asus,Asus Vivobook Pro 15 M6500QF-HN541WS Creator Laptop (AMD Ryzen 5 5600H/ 16 GB RAM/ 512 GB SSD/ Win 11/ 4 GB Graphics),59990,63,amd,ryzen 5,6,12,16,SSD,512,No secondary storage,0,nvidia,dedicated,False,15.6,1920,1080,windows,1
466,lenovo,Lenovo IdeaPad Gaming 3 15IHU6 82K101PBIN Laptop (11th Gen Core i5/ 8GB/ 512GB SSD/ Win11 Home/ 4GB Graph),51990,67,intel,core i5,4,8,8,SSD,512,No secondary storage,0,nvidia,dedicated,False,15.6,1920,1080,windows,1
490,lenovo,Lenovo IdeaPad Slim 5i 83BG000DIN Laptop (12th Gen Core i5/ 16 GB RAM/ 512 GB SSD/ Win 11),61859,58,intel,core i5,8,12,16,SSD,512,No secondary storage,0,intel,integrated,False,16.0,1920,1200,windows,1
806,acer,Acer Aspire 5 A515-58M NX.KHFSI.001 Gaming Laptop (13th Gen Core i5/ 8GB/ 512GB SSD/ Win11 Home),55900,50,intel,core i5,10,12,8,SSD,512,No secondary storage,0,intel,integrated,False,15.6,1920,1080,windows,1
208,chuwi,Chuwi CoreBook X Laptop (10th Gen Core i3/ 8GB/ 512GB SSD/ Win11),24990,50,intel,core i3,2,4,8,SSD,512,No secondary storage,0,intel,integrated,False,14.0,1920,1200,windows,1
290,hp,HP Pavilion 15-eg2009TU Laptop (12th Gen Core i5/ 8GB/ 512GB SSD/ Win11 Home),63990,62,intel,core i5,12,16,8,SSD,512,No secondary storage,0,intel,integrated,False,15.6,1920,1080,windows,1
324,dell,Dell Latitude 7440 14 Laptop (13th Gen Core i5/ 16GB/ 512GB SSD/ Win11 Pro),152000,59,intel,core i5,10,12,16,SSD,512,No secondary storage,0,intel,integrated,True,14.0,1920,1200,windows,No information
533,lenovo,Lenovo IdeaPad Gaming 3i 82K101GTIN Laptop (11th Gen Core i5/ 8 GB RAM/ 512 GB SSD/ Win 11/ 4 GB Graphics),58850,64,intel,core i5,4,8,8,SSD,512,No secondary storage,0,nvidia,dedicated,False,15.6,1920,1080,windows,1
408,hp,HP 15s-fy5006TU Laptop (12th Gen Core i3/ 8GB/ 512GB SSD/ Win11 Home),38990,57,intel,core i3,6,8,8,SSD,512,No secondary storage,0,intel,integrated,False,15.6,1920,1080,windows,1
716,acer,Acer Aspire 5 A515-58M 2023 Gaming Laptop (13th Gen Core i3/ 8GB/ 512GB SSD/ Win11 Home),42990,50,intel,core i3,6,8,8,SSD,512,No secondary storage,0,intel,integrated,False,15.6,1920,1080,windows,1
703,dell,Dell Inspiron 7420 2in1 Laptop (12th Gen Core i7/ 16GB/ 512GB SSD/ Win11),90490,67,intel,core i7,10,12,16,SSD,512,No secondary storage,0,intel,integrated,True,14.0,1920,1200,windows,1
808,asus,Asus Vivobook 15X 2023 K3504VAB-NJ321WS Laptop (13th Gen Core i3/ 8GB/ 512GB SSD/ Win11 Home),39990,54,intel,core i3,6,8,8,SSD,512,No secondary storage,0,intel,integrated,False,15.6,1920,1080,windows,1
707,dell,Dell Vostro 5620 Laptop (12th Gen Core i3/ 8GB/ 512GB SSD/ Win11),40990,58,intel,core i3,6,8,8,SSD,512,No secondary storage,0,intel,integrated,False,16.0,1920,1080,windows,1
877,dell,Dell Vostro 3425 Laptop (AMD Ryzen 5-5500U/ 8GB/ 512GB SSD/ Win11 Home),38490,59,amd,ryzen 5,6,12,8,SSD,512,No secondary storage,0,amd,integrated,False,14.0,1920,1080,windows,1
677,asus,Asus Vivobook 15 X1502ZA-EJ523WS Laptop (12th Gen Core i5/ 8GB/ 512GB SSD/ Win11),55990,60,intel,core i5,12,16,8,SSD,512,No secondary storage,0,intel,integrated,False,15.6,1920,1080,windows,1
211,infinix,Infinix Zerobook ZL513 2023 Laptop (13th Gen Core i5/ 16GB/ 512GB SSD/ Win 11 Home),48990,57,intel,core i5,12,16,16,SSD,512,No secondary storage,0,intel,integrated,False,15.6,1920,1080,windows,1
663,asus,Asus Vivobook 15 OLED 2023 X1505VAU-LK543WS Laptop (13th Gen Core i5/ 16GB/ 512GB SSD/ Win11 Home),73990,60,intel,core i5,10,12,16,SSD,512,No secondary storage,0,intel,integrated,False,15.6,1920,1080,windows,1
887,hp,HP Pavilion 15-eg2017TU Laptop (12th Gen Core i3/ 8GB/ 512GB SSD/ Win11 Home),52590,60,intel,core i3,6,8,8,SSD,512,No secondary storage,0,intel,integrated,False,15.6,1920,1080,windows,1
710,lenovo,Lenovo Thinkpad E14 21E3S06300 Laptop (12th Gen Core i5/ 8GB/ 512GB SSD/ DOS),66199,62,intel,core i5,10,12,8,SSD,512,No secondary storage,0,intel,integrated,False,14.0,1920,1080,dos,1
367,hp,HP Omen 16-k0789TX Gaming Laptop (12th Gen Core i5/ 16GB/ 512GB SSD/ Win11/ 4GB Graph),90999,72,intel,core i5,12,16,16,SSD,512,No secondary storage,0,nvidia,dedicated,False,16.1,1920,1080,windows,1
566,msi,MSI Thin GF63 11SC-1493IN Gaming Laptop (11th Gen Core i5/ 16GB/ 512GB SSD/ Win11 Home/ 4GB Graph),55990,70,intel,core i5,6,12,16,SSD,512,No secondary storage,0,nvidia,dedicated,False,15.6,1920,1080,windows,2
82,asus,Asus Vivobook S15 OLED K3502ZA-L501WS Laptop (12th Gen Core i5/ 16GB/ 512GB SSD/ Win11),69689,64,intel,core i5,12,16,16,SSD,512,No secondary storage,0,intel,integrated,False,15.6,1920,1080,windows,1
362,lenovo,Lenovo IdeaPad Flex 5 82R9008FIN Laptop (AMD Ryzen 5 5500U/ 16GB/ 512GB SSD/ Win11 Home),61990,69,amd,ryzen 5,6,12,16,SSD,512,No secondary storage,0,amd,integrated,True,14.0,1920,1200,windows,1
215,asus,Asus Vivobook 16X 2023 K3605ZF-MBN524WS Laptop (12th Gen Core i5/ 8GB/ 512GB SSD/ Win11 Home/ 4GB Graph),57990,70,intel,core i5,8,12,8,SSD,512,No secondary storage,0,nvidia,dedicated,False,16.0,1920,1200,windows,1
900,msi,MSI Thin GF63 12UCX-265IN Gaming Laptop (12th Gen Core i5/ 16GB/ 512GB SSD/ Win11 Home/ 4GB Graph),65190,65,intel,core i5,8,12,16,SSD,512,No secondary storage,0,nvidia,dedicated,False,15.6,1920,1080,windows,2
686,acer,Acer Aspire Lite AL15-51 UN.431SI.252 Laptop (11th Gen Core i3/ 8GB/ 512GB SSD/ Win11),30790,59,intel,core i3,2,4,8,SSD,512,No secondary storage,0,intel,integrated,False,15.6,1920,1080,windows,1
763,hp,HP Victus 16-d0302TX Gaming Laptop (11th Gen Core i5/ 8GB/ 512GB SSD/ Win11/ 4GB Graph),58499,71,intel,core i5,6,12,8,SSD,512,No secondary storage,0,nvidia,dedicated,False,16.1,1920,1080,windows,1
954,lenovo,Lenovo Thinkpad E15 21E6S05A00 Laptop (12th Gen Core i3/ 8GB/ 512GB SSD/ Win11 Home),45990,66,intel,core i3,6,8,8,SSD,512,No secondary storage,0,intel,integrated,False,15.6,1920,1080,windows,1
689,dell,Dell Inspiron 3535 Laptop (AMD Ryzen R5-7520U/ 8GB/ 512GB SSD/ Win11),41808,53,amd,ryzen 5,4,8,8,SSD,512,No secondary storage,0,amd,integrated,False,15.6,1920,1080,windows,1
158,hp,HP Victus 15-FA1098TX Laptop (12th Gen Core i5/ 8GB/ 512GB SSD/ Win11 Home/ 4GB Graph),60990,64,intel,core i5,8,12,8,SSD,512,No secondary storage,0,nvidia,dedicated,False,15.6,1920,1080,windows,1
699,lenovo,Lenovo ThinkBook 15 G5 21JFA00QIN Laptop (AMD Ryzen 7 7730U/ 8 GB/ 512 GB SSD/ DOS),49990,64,amd,ryzen 7,8,16,8,SSD,512,No secondary storage,0,amd,integrated,False,15.6,1920,1080,dos,1
632,acer,Acer Nitro 16 AN16-41 Gaming Laptop (AMD Ryzen 7 7840HS/ 16GB/ 512GB SSD/ Win11 Home/ 8GB Graph),129990,80,amd,ryzen 7,8,16,16,SSD,512,No secondary storage,0,nvidia,dedicated,False,16.0,1920,1200,windows,1
970,asus,Asus Vivobook Go 14 2023 E1404FA-NK522WS Laptop (Ryzen 5 7520U / 8GB/ 512GB SSD/ Win11),44970,58,amd,ryzen 5,4,8,8,SSD,512,No secondary storage,0,amd,integrated,False,14.0,1920,1080,windows,1
492,lenovo,Lenovo IdeaPad Slim 3 82RK00VVIN Laptop (12th Gen Core i3/ 8GB/ 512GB SSD/ Win11),36990,53,intel,core i3,6,8,8,SSD,512,No secondary storage,0,intel,integrated,False,15.6,1920,1080,windows,1
443,lenovo,Lenovo Thinkpad E15 G4 21DJA0Y0IN Laptop (12th Gen Core i7/ 16GB/ 512GB SSD/ Win11 Home),54990,64,intel,core i7,10,12,16,SSD,512,No secondary storage,0,intel,integrated,False,15.6,1920,1080,windows,1
783,hp,HP Victus 15-fb0133AX Gaming Laptop (AMD Ryzen 5 5600H/ 16GB/ 512GB SSD/ Win11/ 4GB Graph),63314,67,amd,ryzen 5,6,12,16,SSD,512,No secondary storage,0,amd,dedicated,False,15.6,1920,1080,windows,1
713,acer,Acer Aspire 3 NX.KDESI.008 Laptop (AMD Ryzen 3 7320U/ 8GB/ 512GB SSD/ Win11 Home),29490,57,amd,ryzen 3,4,8,8,SSD,512,No secondary storage,0,amd,integrated,False,15.6,1920,1080,windows,1
186,lenovo,Lenovo IdeaPad 3 82KU024JIN Laptop (AMD Ryzen 7 5700U/ 16GB/ 512GB SSD/ Win11 Home),48990,64,amd,ryzen 7,8,16,16,SSD,512,No secondary storage,0,amd,integrated,False,15.6,1920,1080,windows,1
282,hp,HP Pavilion 15s-fq5112TU Laptop (12th Gen Core i5/ 16GB/ 512GB SSD/ Win11),56999,54,intel,core i5,10,12,16,SSD,512,No secondary storage,0,intel,integrated,False,15.6,1920,1080,windows,1
721,msi,MSI Bravo 15 C7UDXK-093IN Gaming Laptop (AMD Ryzen 5 7535HS/ 16 GB RAM/ 512 GB SSD/ Win 11/ 6 GB Graphics),74990,69,amd,ryzen 5,6,12,16,SSD,512,No secondary storage,0,nvidia,dedicated,False,15.6,1920,1080,windows,2
872,dell,Dell Vostro 15 3510 2023 Laptop (11th Gen Core i5/ 8GB/ 512GB SSD/ Win11 Home),47990,63,intel,core i5,4,8,8,SSD,512,No secondary storage,0,intel,integrated,False,15.6,1920,1080,windows,1
765,dell,Dell Inspiron 3530 Laptop (13th Gen Core i5/ 8GB/ 512GB SSD/ Win11 Home),61990,56,intel,core i5,10,12,8,SSD,512,No secondary storage,0,intel,integrated,False,15.6,1920,1080,windows,1
610,dell,Dell Inspiron 5518 D560667WIN9S Laptop (11th Gen Core i5/ 16GB/ 512GB SSD/ Win11 Home/ 2GB Graph),60900,65,intel,core i5,4,8,16,SSD,512,No secondary storage,0,nvidia,dedicated,False,15.6,1920,1080,windows,1
519,msi,MSI Katana 15 B12UDXK-1004IN Gaming Laptop (12th Gen Core i7/ 16GB/ 512GB SSD/ Win11 Home/ 6GB Graph),94990,76,intel,core i7,10,16,16,SSD,512,No secondary storage,0,nvidia,dedicated,False,15.6,1920,1080,windows,2
243,asus,Asus Vivobook 16X 2023 K3605VC-MB542WS Laptop (13th Gen Core i5/ 16GB/ 512GB SSD/ Win11 Home/ 4GB Graph),89990,67,intel,core i5,12,16,16,SSD,512,No secondary storage,0,nvidia,dedicated,False,16.0,1920,1200,windows,1
271,hp,HP Victus 15-fb0777AX Gaming Laptop (AMD Ryzen 5 5600H/ 8GB/ 512GB SSD/ Win11/ 4GB Graph),51990,67,amd,ryzen 5,6,12,8,SSD,512,No secondary storage,0,amd,dedicated,False,15.6,1920,1080,windows,1
385,acer,Acer Aspire 5 A515-58GM 15 2023 Gaming Laptop (13th Gen Core i5/ 16GB/ 512GB SSD/ Win11/ 4GB Graphics),63999,65,intel,core i5,8,12,16,SSD,512,No secondary storage,0,nvidia,dedicated,False,15.6,1920,1080,windows,1
511,lenovo,Lenovo IdeaPad Slim 3 82XQ008UIN Laptop (AMD Ryzen 5 7520U/ 8GB/ 512GB SSD/ Win11 Home),41990,58,amd,ryzen 5,4,8,8,SSD,512,No secondary storage,0,amd,integrated,False,15.6,1920,1080,windows,1
731,msi,MSI Thin GF63 11UC-1475IN Gaming Laptop (11th Gen Core i5/ 8GB/ 512GB SSD/ Win11 Home/ 4GB Graph),51990,70,intel,core i5,6,12,8,SSD,512,No secondary storage,0,nvidia,dedicated,False,15.6,1920,1080,windows,2
263,asus,Asus Vivobook 15 OLED 2023 M1505YA-LK541WS Laptop (Ryzen 5 7530U/ 16GB/ 512GB SSD/ Win11 Home),53990,65,amd,ryzen 5,6,12,16,SSD,512,No secondary storage,0,amd,integrated,False,15.6,1920,1080,windows,1
524,asus,Asus Vivobook Go 14 2023 E1404FA-NK327WS Laptop (Ryzen 3 7320U / 8GB/ 512GB SSD/ Win11 Home),33990,56,amd,ryzen 3,4,8,8,SSD,512,No secondary storage,0,amd,integrated,False,14.0,1920,1080,windows,1
222,asus,Asus Vivobook Pro 15 M6500QF-HN521WS Laptop (Ryzen 5 5600HS/ 8GB/ 512GB SSD/ Win11/ 4GB Graph),59990,60,amd,ryzen 5,6,12,8,SSD,512,No secondary storage,0,nvidia,dedicated,False,15.6,1920,1080,windows,1
671,hp,HP Envy x360 15-fh0016AU Laptop (AMD Ryzen 5 7530U/ 16GB/ 512GB SSD/ Win11 Home),86690,66,amd,ryzen 5,6,12,16,SSD,512,No secondary storage,0,amd,integrated,True,15.6,1920,1080,windows,1
317,hp,HP 15s-EQ2084AU Laptop (AMD Ryzen 7 5700U/ 16GB/ 512GB SSD/ Win11 Home),51901,62,amd,ryzen 7,8,16,16,SSD,512,No secondary storage,0,amd,integrated,False,15.6,1920,1080,windows,1
804,acer,Acer Aspire Vero AV14-52P NX.KJSSI.002 Laptop (13th Gen Core i5/ 16GB/ 512GB SSD/ Win11 Home),58269,59,intel,core i5,10,12,16,SSD,512,No secondary storage,0,intel,integrated,False,14.0,1920,1080,windows,1
432,lenovo,Lenovo IdeaPad Gaming 3 82SB00V4IN Laptop (AMD Ryzen 5 6600H/ 8GB/ 512GB SSD/ Win11 Home/ 4GB Graph),63712,60,amd,ryzen 5,6,12,8,SSD,512,No secondary storage,0,nvidia,dedicated,False,15.6,1920,1080,windows,1
383,zebronics,Zebronics ZEB-NBC 2S 2023 Laptop (11th Gen Core i5 / 8GB/ 512GB SSD/ Win11 Home),32990,60,intel,core i5,4,8,8,SSD,512,No secondary storage,0,intel,integrated,False,15.6,1920,1080,windows,1
193,msi,MSI Thin GF63 11SC-1494IN Gaming Laptop (11th Gen Core i5/ 8GB/ 512GB SSD/ Win11 Home/ 4GB Graph),52990,65,intel,core i5,6,12,8,SSD,512,No secondary storage,0,nvidia,dedicated,False,15.6,1920,1080,windows,2
201,hp,HP Victus 16-D0314TX Gaming Laptop (11th Gen Core i5/ 16GB/ 512GB SSD/ Win11/ 4GB Graph),64500,75,intel,core i5,6,12,16,SSD,512,No secondary storage,0,nvidia,dedicated,False,16.1,1920,1080,windows,1
744,lenovo,Lenovo ThinkBook 15 G3 ACL 21A4A08UIH Laptop (AMD Ryzen 5 5500U/ 8 GB/ 512 GB SSD/ DOS),40990,57,amd,ryzen 5,6,12,8,SSD,512,No secondary storage,0,amd,integrated,False,15.6,1920,1080,dos,1
803,acer,Acer Aspire Vero AV14-52P NX.KJTSI.002 Laptop (13th Gen Core i3/ 16GB/ 512GB SSD/ Win11 Home),49990,50,intel,core i3,6,8,16,SSD,512,No secondary storage,0,intel,integrated,False,14.0,1920,1080,windows,1
614,dell,Dell Inspiron 5425 Laptop (AMD Ryzen 75825U/ 16GB/ 512GB SSD/ Win11) 84 votes,67890,65,amd,ryzen 7,8,16,16,SSD,512,No secondary storage,0,amd,integrated,False,14.0,1920,1080,windows,1
627,lenovo,Lenovo IdeaPad Slim 3 82XQ008GIN Laptop (AMD Ryzen 5 7520U/ 8GB/ 512GB SSD/ Win11),40590,57,amd,ryzen 5,4,8,8,SSD,512,No secondary storage,0,amd,integrated,False,15.6,1920,1080,windows,1
369,lenovo,Lenovo IdeaPad 1 15AMN7 82VG00ERIN Laptop (AMD Ryzen 3 7320U / 8GB/ 512GB SSD/ Win11 Home),32490,56,amd,ryzen 3,4,8,8,SSD,512,No secondary storage,0,amd,integrated,False,15.6,1920,1080,windows,1
948,hp,HP 15s-eq2223AU Laptop (AMD Ryzen 5 5500U/ 8GB/ 512GB SSD/ Win11 Home),43190,58,amd,ryzen 5,6,12,8,SSD,512,No secondary storage,0,amd,integrated,False,15.6,1920,1080,windows,1
776,dell,Dell Inspiron 7430 IC7430PXXWC001ORS1 Laptop (13th Gen Core i5/ 8GB/ 512GB SSD/ Win11),73990,57,intel,core i5,10,12,8,SSD,512,No secondary storage,0,intel,integrated,True,14.0,1920,1200,windows,1
573,hp,HP Victus 15-fb0153AX Gaming Laptop (AMD Ryzen 5 5600H/ 8GB/ 512GB SSD/ Win11/ 4GB Graph),50999,67,amd,ryzen 5,6,12,8,SSD,512,No secondary storage,0,amd,dedicated,False,15.6,1920,1080,windows,1
213,asus,Asus Vivobook 16X 2023 K3605ZU-MB741WS Laptop (12th Gen Core i7/ 16GB/ 512GB SSD/ Win11 Home/ 6GB Graph),90060,77,intel,core i7,10,16,16,SSD,512,No secondary storage,0,nvidia,dedicated,False,16.0,1920,1200,windows,1
986,msi,MSI Modern 15 B13M-289IN Laptop (13th Gen Core i5/ 16GB/ 512GB SSD/ Win11 Home),50591,59,intel,core i5,10,12,16,SSD,512,No secondary storage,0,intel,integrated,False,15.6,1920,1080,windows,1
715,hp,HP Pavilion 14-dv1043TU Laptop (11th Gen Core i5/ 8GB/ 512GB SSD/ Win11 Home),53699,62,intel,core i5,4,8,8,SSD,512,No secondary storage,0,intel,integrated,False,14.0,1920,1080,windows,1
474,acer,Acer Aspire 5 A515-58M NX.KHFSI.003 Gaming Laptop (13th Gen Core i3/ 8GB/ 512GB SSD/ Win11 Home),42990,50,intel,core i3,5,6,8,SSD,512,No secondary storage,0,intel,integrated,False,15.6,1920,1080,windows,1
921,asus,Asus Vivobook 15 2023 X1502VA-NJ541WS Laptop (13th Gen Core i5/ 16GB/ 512GB SSD/ Win11),64990,62,intel,core i5,12,16,16,SSD,512,No secondary storage,0,intel,integrated,False,15.6,1920,1080,windows,1
68,asus,Asus VivoBook 14 X415EA-EK344WS Notebook (11th Gen Core i3/ 16GB/ 512GB SSD/ Win11 Home),35990,64,intel,core i3,2,4,16,SSD,512,No secondary storage,0,intel,integrated,False,14.0,1920,1080,windows,1
170,zebronics,Zebronics Pro Series Y ZEB-NBC 1S Laptop (11th Gen Core i3 / 8GB/ 512GB SSD/ Win11 Home),29990,56,intel,core i3,4,8,8,SSD,512,No secondary storage,0,intel,integrated,False,15.6,1920,1080,windows,1
834,hp,HP 15-hr0001TU Laptop (13th Gen Core i5/ 16GB/ 512GB SSD/ Win11 Home),64990,59,intel,core i5,10,12,16,SSD,512,No secondary storage,0,intel,integrated,False,15.6,1920,1080,windows,1
949,msi,MSI Modern 15 B7M-072IN Laptop (Ryzen 5 7530U/ 8GB/ 512GB SSD/ Win11),43990,53,amd,ryzen 5,6,12,8,SSD,512,No secondary storage,0,amd,integrated,False,15.6,1920,1080,windows,1
219,msi,MSI Thin GF63 11UC-1474IN Gaming Laptop (11th Gen Core i5/ 16GB/ 512GB SSD/ Win11 Home/ 4GB Graph),56990,72,intel,core i5,6,12,16,SSD,512,No secondary storage,0,nvidia,dedicated,False,15.6,1920,1080,windows,2
709,lenovo,Lenovo ThinkPad E14 Gen 4 21E3S06D00 Laptop (12th Gen Core i3/ 8GB/ 512GB SSD/ Win11),49999,62,intel,core i3,6,8,8,SSD,512,No secondary storage,0,intel,integrated,False,14.0,1920,1080,windows,1
95,lenovo,Lenovo ThinkBook 15 G5 21JFA00BIN Laptop (AMD Ryzen 7 7730U/ 8 GB/ 512 GB SSD/ Win11),48990,70,amd,ryzen 7,8,16,8,SSD,512,No secondary storage,0,amd,integrated,False,15.6,1920,1080,windows,1
69,asus,Asus TUF Gaming F15 2023 FX507ZV-LP094W Gaming Laptop (12th Gen Core i7/ 16GB/512GB SSD/ Win11 Home/ 8GB Graph),108990,78,intel,core i7,14,20,16,SSD,512,No secondary storage,0,nvidia,dedicated,False,15.6,1920,1080,windows,1
269,hp,HP Victus 15-fb0107AX Gaming Laptop (Ryzen 7-5800H/ 16GB/ 512GB SSD/ Win11/ 4GB Graph),70990,69,amd,ryzen 7,8,16,16,SSD,512,No secondary storage,0,nvidia,dedicated,False,15.6,1920,1080,windows,1
100,lenovo,Lenovo IdeaPad Gaming 3 82SB00V3IN Laptop (AMD Ryzen 5 6600H/ 16GB/ 512GB SSD/ Win11 Home/ 4GB Graph),63889,63,amd,ryzen 5,6,12,16,SSD,512,No secondary storage,0,nvidia,dedicated,False,15.6,1920,1080,windows,1
471,hp,HP 15-fc0027AU Laptop (AMD Ryzen 3 7320U/ 8GB/ 512GB SSD/ Win11 Home),40100,57,amd,ryzen 3,4,8,8,SSD,512,No secondary storage,0,amd,integrated,False,15.6,1920,1080,windows,1
130,lenovo,Lenovo Thinkbook 15 21DJA049IH Laptop (12th Gen Core i5/ 8GB/ 512GB SSD/ Win11 Home),40990,66,intel,core i5,10,12,8,SSD,512,No secondary storage,0,intel,integrated,False,15.6,1920,1080,windows,1
403,asus,Asus Vivobook 15 X1502ZA-EJ531WS Laptop (12th Gen Core i5/ 8GB/ 512GB SSD/ Win11),53990,51,intel,core i5,10,12,8,SSD,512,No secondary storage,0,intel,integrated,False,15.6,1920,1080,windows,1
297,hp,HP EliteBook 840 G6 (8LX79PA) Laptop (8th Gen Core i5/ 8GB/ 512GB SSD/ Win10),90464,56,intel,core i5,4,8,8,SSD,512,No secondary storage,0,intel,integrated,False,14.0,1920,1080,windows,3
539,lenovo,Lenovo IdeaPad Slim 5 16IRL8 82XF003GIN Laptop (13th Gen Core i5/ 16GB/ 512GB SSD/ Win11),70190,60,intel,core i5,12,16,16,SSD,512,No secondary storage,0,intel,integrated,False,16.0,1920,1200,windows,1
256,hp,HP Victus 15-fb0108AX Gaming Laptop (AMD Ryzen 5 5600H/ 8GB/ 512GB SSD/ Win11/ 4GB Graph),50990,67,amd,ryzen 5,6,12,8,SSD,512,No secondary storage,0,amd,dedicated,False,15.6,1920,1080,windows,1
19,hp,HP Victus 15-fb1017AX Gaming Laptop (AMD Ryzen 5 7535HS/ 16GB/ 512GB SSD/ Win11/ 4GB Graph),55490,71,amd,ryzen 5,6,12,16,SSD,512,No secondary storage,0,nvidia,dedicated,False,15.6,1920,1080,windows,1
57,acer,Acer Aspire Lite AL15-52 Laptop (12th Gen Core i3/ 8GB/ 512GB SSD/ Win11),32990,58,intel,core i3,6,8,8,SSD,512,No secondary storage,0,intel,integrated,False,15.6,1920,1080,windows,1
45,hp,HP Victus 15-fb0150AX Gaming Laptop (AMD Ryzen 5 5600H/ 16GB/ 512GB SSD/ Win11/ 4GB Graph),53570,71,amd,ryzen 5,6,12,16,SSD,512,No secondary storage,0,amd,dedicated,False,15.6,1920,1080,windows,1
270,asus,Asus VivoBook 15 X1500EA-EJ3379WS Laptop (11th Gen Core i3/ 8GB/ 512GB SSD/ Win11),30890,50,intel,core i3,2,4,8,SSD,512,No secondary storage,0,intel,integrated,False,15.6,1920,1080,windows,1
230,asus,Asus Vivobook 15 X1502ZA-EJ542WS Laptop (12th Gen Core i5/ 16GB/ 512GB SSD/ Win11),56500,64,intel,core i5,12,16,16,SSD,512,No secondary storage,0,intel,integrated,False,15.6,1920,1080,windows,1
389,zebronics,Zebronics ZEB-NBC 5S Laptop (12th Gen Core i7 / 16GB/ 512GB SSD/ Win11 Home),50990,72,intel,core i7,10,12,16,SSD,512,No secondary storage,0,intel,integrated,False,15.6,1920,1080,windows,1
785,lenovo,Lenovo V14 G3 82TSA01KIH Laptop (12th Gen Core i3/ 8GB/ 512GB SSD/ Dos),31490,50,intel,core i3,6,8,8,SSD,512,No secondary storage,0,intel,integrated,False,14.0,1920,1080,dos,1
822,asus,Asus Vivobook 15X OLED M3504YA-LK541WS Laptop (AMD Ryzen 5 7530U/ 16GB/ 512GB SSD/ Win11 Home),60379,67,amd,ryzen 5,6,12,16,SSD,512,No secondary storage,0,intel,integrated,False,15.6,1920,1080,windows,1
937,acer,Acer Aspire 7 A715-75G Gaming Laptop (10th Gen Core i5/ 8GB/ 512GB SSD/ Win11 Home/ 4GB Graph),45990,59,intel,core i5,4,8,8,SSD,512,No secondary storage,0,nvidia,dedicated,False,15.6,1920,1080,windows,1
365,lenovo,Lenovo Thinkpad L14 Gen 2 20X1S10V00 Laptop (11th Gen Core i3/ 8GB/ 512GB SSD/ DOS),49499,54,intel,core i3,2,4,8,SSD,512,No secondary storage,0,intel,integrated,False,14.0,1920,1080,dos,3
902,acer,Acer Nitro 5 AN515-47 2023 Gaming Laptop (AMD Ryzen 5 7535HS/ 16GB/ 512GB SSD/ Win11/ 4GB Graph),68990,73,amd,ryzen 5,6,12,16,SSD,512,No secondary storage,0,nvidia,dedicated,False,15.6,1920,1080,windows,1
142,asus,Asus Vivobook S15 OLED K3502ZA-L701WS Laptop (12th Gen Core i7/ 16GB/ 512GB SSD/ Win11),72990,70,intel,core i7,14,20,16,SSD,512,No secondary storage,0,intel,integrated,False,15.6,1920,1080,windows,1
79,hp,HP Victus 15-fa0070TX Laptop (12th Gen Core i5/ 8GB/ 512GB SSD/ Win11 Home/ 4GB Graph),57990,70,intel,core i5,8,12,8,SSD,512,No secondary storage,0,nvidia,dedicated,False,15.6,1920,1080,windows,1
400,lenovo,Lenovo IdeaPad Gaming 3 15IHU6 82K101R3IN Laptop (11th Gen Core i5/ 8GB/ 512GB SSD/ Win11 Home/ 4GB Graph),54190,69,intel,core i5,4,8,8,SSD,512,No secondary storage,0,nvidia,dedicated,False,15.6,1920,1080,windows,1
837,acer,Acer Swift Go 14 SFG14-41 NX.KG3SI.003 Laptop (AMD Ryzen 5 7530U/ 16GB/ 512GB SSD/ Win11 Home),58990,62,amd,ryzen 5,6,12,16,SSD,512,No secondary storage,0,amd,integrated,False,14.0,1920,1080,windows,1
578,lenovo,Lenovo IdeaPad Slim 3 82XQ008VIN Laptop (AMD Ryzen 5 7520U/ 16GB/ 512GB SSD/ Win11),43990,58,amd,ryzen 5,4,8,16,SSD,512,No secondary storage,0,amd,integrated,False,15.6,1920,1080,windows,1
854,lenovo,Lenovo IdeaPad Gaming 3 15ACH6 82K2022XIN Laptop (AMD Ryzen 7-5800H/ 8GB/ 512GB SSD/ Win11 Home/ 4GB Graph),63190,67,amd,ryzen 7,8,16,8,SSD,512,No secondary storage,0,nvidia,dedicated,False,15.6,1920,1080,windows,1
281,hp,HP Victus 15-fb0050AX Gaming Laptop (AMD Ryzen 5 5600H/ 8GB/ 512GB SSD/ Win11/ 4GB Graph),59871,71,amd,ryzen 5,6,12,8,SSD,512,No secondary storage,0,nvidia,dedicated,False,15.6,1920,1080,windows,1
741,msi,MSI Modern 14 C7M-218IN Laptop (Ryzen 7 7730U/ 16GB/ 512GB SSD/ Win11),52990,65,amd,ryzen 7,8,16,16,SSD,512,No secondary storage,0,amd,integrated,False,14.0,1920,1080,windows,1
873,asus,Asus Vivobook 15 2023 X1504VA-NJ321WS Laptop (13th Gen Core i3/ 8GB/ 512GB SSD/ Win11),46288,56,intel,core i3,6,8,8,SSD,512,No secondary storage,0,intel,integrated,False,15.6,1920,1080,windows,1
65,asus,Asus Vivobook 15 X1502ZA-EJ741WS Laptop (12th Gen Core i7/ 16GB/ 512GB SSD/ Win11),60990,67,intel,core i7,10,16,16,SSD,512,No secondary storage,0,intel,integrated,False,15.6,1920,1080,windows,1
923,asus,Asus Vivobook Go 15 OLED 2023 E1504GA-LK322WS Laptop (Intel Core i3-N305/ 8GB/ 512GB SSD/ Win11 Home),43990,53,intel,core i3,8,8,8,SSD,512,No secondary storage,0,intel,integrated,False,15.6,1920,1080,windows,1
865,hp,HP 15-fd0006TU Laptop (13th Gen Core i3/ 8GB/ 512GB SSD/ Win11 Home),46990,51,intel,core i3,6,8,8,SSD,512,No secondary storage,0,intel,integrated,False,15.6,1920,1080,windows,1
331,acer,Acer Aspire Lite AL15-52 Laptop (12th Gen Core i5/ 16GB/ 512GB SSD/ Win11),44999,64,intel,core i5,10,12,16,SSD,512,No secondary storage,0,intel,integrated,False,15.6,1920,1080,windows,1
640,acer,Acer Aspire Lite AL15-51 2023 Laptop (11th Gen Core i5/ 16GB/ 512GB SSD/ Win11),41990,64,intel,core i5,4,8,16,SSD,512,No secondary storage,0,intel,integrated,False,15.6,1920,1080,windows,1
469,lenovo,Lenovo S14 Gen 3 82TW001DIH Laptop (12th Gen Core i5/ 8GB/ 512GB SSD/ Win11),47990,56,intel,core i5,10,12,8,SSD,512,No secondary storage,0,intel,integrated,False,14.0,1920,1080,windows,3
587,lenovo,Lenovo IdeaPad Slim 5 82XD003PIN Laptop (13th Gen Core i5/ 16GB/ 512GB SSD/ Win11),69494,60,intel,core i5,8,12,16,SSD,512,No secondary storage,0,intel,integrated,False,14.0,1920,1200,windows,2
657,lenovo,Lenovo S14 Gen 3 82TW001CIH Laptop (12th Gen Core i5/ 8GB/ 512GB SSD/ Win11),52990,62,intel,core i5,10,12,8,SSD,512,No secondary storage,0,intel,integrated,False,14.0,1920,1080,windows,2
424,lenovo,Lenovo IdeaPad Gaming 3 82K101PCIN Laptop (11th Gen Core i5/ 8GB/ 512GB SSD/ Win11 Home/ 4GB Graph),49990,67,intel,core i5,4,8,8,SSD,512,No secondary storage,0,nvidia,dedicated,False,15.6,1920,1080,windows,1
823,lenovo,Lenovo IdeaPad 3 15IAU7 82RK00LWIN Laptop (12th Gen Core i5/ 8GB/ 512GB SSD/ Win11 Home),52794,58,intel,core i5,10,12,8,SSD,512,No secondary storage,0,intel,integrated,False,15.6,1920,1080,windows,1
356,dell,Dell Inspiron 7430 IC7430MH5K0M01ORS1 Laptop (13th Gen Core i5/ 8GB/ 512GB SSD/ Win11),88990,64,intel,core i5,10,12,8,SSD,512,No secondary storage,0,intel,integrated,True,14.0,1920,1200,windows,1
7,infinix,Infinix INBook Y2 Plus Laptop (11th Gen Core i5/ 16GB/ 512GB SSD/ Win 11 Home),34990,56,intel,core i5,4,8,16,SSD,512,No secondary storage,0,intel,integrated,False,15.6,1920,1080,windows,1
886,msi,MSI Summit E13 Flip Evo A11MT-213IN Laptop (11th Gen Core i7/ 16GB/ 512GB SSD/ Win10),81990,65,intel,core i7,4,8,16,SSD,512,No secondary storage,0,intel,integrated,True,13.4,1920,1200,windows,2
147,lenovo,Lenovo IdeaPad Slim 3 82H803HQIN Laptop (11th Gen Core i5/ 8GB/ 512GB SSD/ Win11),44990,64,intel,core i5,4,8,8,SSD,512,No secondary storage,0,intel,integrated,False,15.6,1920,1080,windows,1
667,lenovo,Lenovo ThinkPad E14 21JRS00T00 Laptop (AMD Ryzen 5 7530U/ 8GB/ 512GB SSD/ Win11 Home),69345,62,amd,ryzen 5,6,12,8,SSD,512,No secondary storage,0,amd,integrated,False,14.0,1920,1200,windows,1
797,hp,HP Pavilion 15-eg3027TU Laptop (13th Gen Core i5/ 16GB/ 512GB SSD/ Win11 Home),75533,66,intel,core i5,12,16,16,SSD,512,No secondary storage,0,intel,integrated,False,15.6,1920,1080,windows,1
72,hp,HP Victus 15-fa0666TX Gaming Laptop (12th Gen Core i5/ 16GB/ 512GB SSD/ Win11/ 4GB Graph),71990,65,intel,core i5,8,12,16,SSD,512,No secondary storage,0,nvidia,dedicated,False,15.6,1920,1080,windows,1
51,msi,MSI Thin GF63 12VE-071IN Gaming Laptop (12th Gen Core i5/ 16GB/ 512GB SSD/ Win11 Home/6GB Graphics),69990,70,intel,core i5,8,12,16,SSD,512,No secondary storage,0,nvidia,dedicated,False,15.6,1920,1080,windows,2
322,dell,Dell Inspiron 3520 IN3520RVTGV001ORB1 Laptop (11th Gen Core i3/ 8GB/ 512GB SSD/ Win11),34990,49,intel,core i3,2,4,8,SSD,512,No secondary storage,0,intel,integrated,False,15.6,1920,1080,windows,1
220,lenovo,Lenovo V15 G3 IAP 82TTA00UIH Laptop (12th Gen Core i3/ 8GB/ 512GB SSD/ DOS),32980,53,intel,core i3,6,8,8,SSD,512,No secondary storage,0,intel,integrated,False,15.6,1920,1080,dos,1
43,hp,HP Victus 15-fa1062TX Gaming Laptop (13th Gen Core i5/ 16GB/ 512GB SSD/ Win11 Home/ 6GB Graph),88800,71,intel,core i5,12,16,16,SSD,512,No secondary storage,0,nvidia,dedicated,False,15.6,1920,1080,windows,1
867,hp,HP Victus 15-fb0122AX Gaming Laptop (AMD Ryzen 5 5600H/ 8GB/ 512GB SSD/ Win11/ 4GB Graph),49990,67,amd,ryzen 5,6,12,8,SSD,512,No secondary storage,0,nvidia,dedicated,False,15.6,1920,1080,windows,1
379,lenovo,Lenovo IdeaPad Gaming 3 15ACH6 82K20289IN Laptop (AMD Ryzen 5 5500H/ 8GB/ 512GB SSD/ Win11 Home/ 4GB Graph),51990,63,amd,ryzen 5,4,8,8,SSD,512,No secondary storage,0,nvidia,dedicated,False,15.6,1920,1080,windows,1
779,asus,Asus Vivobook 15 X515EA-EJ542WS Laptop (11th Gen Core i5/ 16GB/ 512GB SSD/ Win11),49490,58,intel,core i5,4,8,16,SSD,512,No secondary storage,0,intel,integrated,False,15.6,1920,1080,windows,1
619,msi,MSI Prestige 14H B12UCX-412IN Laptop (12th Gen Core i5/ 16GB/ 512GB SSD/Win11 Home/ 4GB Graphic),89990,71,intel,core i5,12,16,16,SSD,512,No secondary storage,0,nvidia,dedicated,False,14.0,1920,1200,windows,2
479,asus,Asus Vivobook 15 X1504ZA-NJ542WS Laptop (12th Gen Core i5/ 16GB/ 512GB SSD/ Win11),60379,60,intel,core i5,10,12,16,SSD,512,No secondary storage,0,intel,integrated,False,15.6,1920,1080,windows,1
682,lenovo,Lenovo ThinkPad E14 21JRS00U00 Laptop (AMD Ryzen 5 7530U/ 16GB/ 512GB SSD/ Win11 Home),56700,64,amd,ryzen 5,6,12,16,SSD,512,No secondary storage,0,amd,integrated,False,14.0,1920,1080,windows,1
639,hp,HP 2023 ZBook Firefly 16 G9 WUXGA Workstation Laptop (12th Gen Core i7/ 16GB/ 512GB SSD/ Win11/ 4GB Graphics),133269,69,intel,core i7,10,12,16,SSD,512,No secondary storage,0,nvidia,dedicated,False,16.0,1920,1200,windows,1
789,msi,MSI Katana 15 B12UDXK-1017IN Gaming Laptop (12th Gen Core i7/ 8GB/ 512GB SSD/ Win11 Home/ 6GB Graph),91990,75,intel,core i7,10,16,8,SSD,512,No secondary storage,0,nvidia,dedicated,False,15.6,1920,1080,windows,2
225,infinix,Infinix INBook X2 Slim Series Laptop (11th Gen Core i3/ 8GB/ 512GB SSD/ Win 11 Home),25990,57,intel,core i3,2,4,8,SSD,512,No secondary storage,0,intel,integrated,False,14.0,1920,1080,windows,1
97,msi,MSI Bravo 15 B7ED-012IN Gaming Laptop (AMD Ryzen 5 7535HS/ 8GB/ 512GB SSD/ Win11 Home/ 4GB Graph),49990,65,amd,ryzen 5,6,12,8,SSD,512,No secondary storage,0,amd,dedicated,False,15.6,1920,1080,windows,1
755,lenovo,Lenovo Thinkpad E14 20TA00J2IG Laptop (11th Gen Core i5/ 16GB/ 512GB SSD/ Win11 Pro),73900,64,intel,core i5,4,8,16,SSD,512,No secondary storage,0,intel,integrated,False,14.0,1920,1080,windows,3
214,asus,Asus TUF Gaming F15 2022 FX507ZC4-HN116W Gaming Laptop (12th Gen Core i5/ 16GB/512GB SSD/ Win11 / 4GB Graph),85800,76,intel,core i5,12,16,16,SSD,512,No secondary storage,0,nvidia,dedicated,False,15.6,1920,1080,windows,1
975,acer,Acer Nitro 5 AN515-58 UN.QFHSI.002 Gaming Laptop (12th Gen Core i5/ 16GB/ 512GB SSD/ Win11/ 4GB Graph),76499,71,intel,core i5,12,16,16,SSD,512,No secondary storage,0,nvidia,dedicated,False,15.6,1920,1080,windows,1
833,hp,HP 15-hr0000TU Laptop (13th Gen Core i5/ 8GB/ 512GB SSD/ Win11 Home),67400,57,intel,core i5,10,12,8,SSD,512,No secondary storage,0,intel,integrated,False,15.6,1920,1080,windows,1
99,asus,Asus Vivobook 16 2023 X1605VA-MB947WS Laptop (13th Gen Core i9/ 16GB/ 512GB SSD/ Win11 Home),81689,71,intel,core i9,14,20,16,SSD,512,No secondary storage,0,intel,integrated,False,16.0,1920,1200,windows,1
24,asus,Asus Vivobook 15 X1502ZA-EJ385WS Laptop (12th Gen Core i3/ 8GB/ 512GB SSD/ Win11),39990,57,intel,core i3,10,12,8,SSD,512,No secondary storage,0,intel,integrated,False,15.6,1920,1080,windows,1
252,asus,Asus Vivobook 15 2023 X1504VA-NJ324WS Laptop (13th Gen Core i3/ 8GB/ 512GB SSD/ Win11),42990,59,intel,core i3,6,8,8,SSD,512,No secondary storage,0,intel,integrated,False,15.6,1920,1080,windows,1
63,asus,Asus TUF Gaming F17 FX707ZC4-HX067W Gaming Laptop (12th Gen Core i5/ 16GB/ 512GB SSD/ Win11/ 4GB Graph),74085,75,intel,core i5,12,16,16,SSD,512,No secondary storage,0,nvidia,dedicated,False,17.3,1920,1080,windows,1
782,hp,HP Pavilion 15s-fq5190TU Laptop (12th Gen Core i7/ 16GB/ 512GB SSD/ Win11 Home),68489,65,intel,core i7,10,12,16,SSD,512,No secondary storage,0,intel,integrated,False,15.6,1920,1080,windows,1
622,lenovo,Lenovo Yoga 6 83B2005TIN Laptop (AMD Ryzen 5 7530U/ 16GB/ 512GB SSD/ Win11 Home),74990,69,amd,ryzen 5,6,12,16,SSD,512,No secondary storage,0,amd,integrated,True,13.3,1920,1200,windows,3
302,avita,Avita Liber Liber E AM14A2INL54F Laptop (AMD Ryzen 5 5500U/ 8GB/ 256GB SSD/ Win11 Home),32949,50,amd,ryzen 5,6,12,8,SSD,512,No secondary storage,0,amd,integrated,False,14.0,1920,1080,windows,1
354,acer,Acer Aspire 5 A514-56M NX.KH6SI.001 Gaming Laptop (13th Gen Core i5/ 16GB/ 512GB SSD/ Win11 Home),56990,56,intel,core i5,10,12,16,SSD,512,No secondary storage,0,intel,integrated,False,14.0,1920,1200,windows,1
80,hp,HP Victus 16-e0352AX Gaming Laptop (Ryzen 5-5600H/ 8GB/ 512GB SSD/ Win11/ 4GB Graph),49999,70,amd,ryzen 5,6,12,8,SSD,512,No secondary storage,0,nvidia,dedicated,False,16.1,1920,1080,windows,1
556,dell,Dell Vostro 3430 VN3430RHXFG001ORB1 Laptop (13th Gen Core i5/ 8GB/ 512GB SSD/ Win11 Pro),60490,63,intel,core i5,10,12,8,SSD,512,No secondary storage,0,intel,integrated,False,14.0,1920,1080,windows,1
494,acer,Acer Aspire 7 A715-76G UN.QMYSI.002 Gaming Laptop (12th Gen Core i5/ 16GB/ 512GB SSD/ Win11 Home/ 4GB Graph),56990,72,intel,core i5,8,12,16,SSD,512,No secondary storage,0,nvidia,dedicated,False,15.6,1920,1080,windows,1
419,msi,MSI Bravo 15 B7ED-011IN Gaming Laptop (AMD Ryzen 7 7735HS/ 16GB/ 512GB SSD/ Win11 Home/ 4GB Graph),79990,70,amd,ryzen 7,8,16,16,SSD,512,No secondary storage,0,amd,dedicated,False,15.6,1920,1080,windows,1
743,dell,Dell Inspiron 3525 D560927WIN9S Laptop (AMD Ryzen 5-5500U/ 8GB/ 512GB SSD/ Win11),40890,54,amd,ryzen 5,6,12,8,SSD,512,No secondary storage,0,amd,integrated,False,15.6,1920,1080,windows,1
730,msi,MSI Modern 14 C12M-670IN Laptop (12th Gen Core i7/ 8GB/ 512GB SSD/ Win11 Home) Price,60990,63,intel,core i7,10,12,8,SSD,512,No secondary storage,0,intel,integrated,False,14.0,1920,1080,windows,1
998,asus,Asus Vivobook Pro 15 M6500QC-HN542WS Laptop (Ryzen 5 5600H/ 16GB/ 512GB SSD/ Win11/ 4GB Graph),65990,68,amd,ryzen 5,6,12,16,SSD,512,No secondary storage,0,nvidia,dedicated,False,15.6,1920,1080,windows,1
448,lenovo,Lenovo IdeaPad Slim 3i 82X70032IN Laptop (13th Gen Core i3/ 8GB/ 512GB SSD/ Win11 Home),42499,43,intel,core i3,5,6,8,SSD,512,No secondary storage,0,intel,integrated,False,15.6,1920,1080,windows,1
323,lenovo,Lenovo Thinkpad E14 G4 21E3S00P00 Laptop (12th Gen Core i5/ 8GB/ 512GB SSD/ DOS),74900,63,intel,core i5,10,12,8,SSD,512,No secondary storage,0,intel,integrated,False,14.0,1920,1080,dos,No information
258,msi,MSI Modern 14 C7M-062IN Laptop (Ryzen 5 7530U/ 16GB/ 512GB SSD/ Win11),43990,62,amd,ryzen 5,6,12,16,SSD,512,No secondary storage,0,amd,integrated,False,14.0,1920,1080,windows,1
662,msi,MSI Thin GF63 11SC-1477IN Gaming Laptop (11th Gen Core i5/ 8GB/ 512GB SSD/ Win11 Home/ 4GB Graph),47990,67,intel,core i5,6,12,8,SSD,512,No secondary storage,0,nvidia,dedicated,False,15.6,1920,1080,windows,2
760,lenovo,Lenovo V14 G3 IAP Laptop (12th Gen Core i5/ 8GB/ 512GB SSD/ Win11),46490,57,intel,core i5,10,12,8,SSD,512,No secondary storage,0,intel,integrated,False,14.0,1920,1080,windows,1
167,hp,HP 15s-fq5185TU Laptop (12th Gen Core i3/ 8GB/ 512GB SSD/ Win11 Home),39700,59,intel,core i3,6,8,8,SSD,512,No secondary storage,0,intel,integrated,False,15.6,1920,1080,windows,1
636,asus,Asus Vivobook Pro 15 M6500QC-LK742WS Laptop (Ryzen 7 5800H/ 16GB/ 512GB SSD/ Win11/ 4GB Graph),76600,72,amd,ryzen 7,8,16,16,SSD,512,No secondary storage,0,nvidia,dedicated,False,15.6,1920,1080,windows,1
3,hp,HP Victus 15-fb0157AX Gaming Laptop (AMD Ryzen 5 5600H/ 8GB/ 512GB SSD/ Win11/ 4GB Graph),51100,73,amd,ryzen 5,6,12,8,SSD,512,No secondary storage,0,amd,dedicated,False,15.6,1920,1080,windows,1
928,asus,Asus Vivobook S14 Flip 2022 TN3402QA-LZ520WS Laptop (AMD Ryzen 5-5600H/ 8GB/ 512GB SSD/Win11),58990,62,amd,ryzen 5,6,12,8,SSD,512,No secondary storage,0,amd,integrated,True,14.0,1920,1200,windows,1
123,hp,HP Pavilion 15-eh2050AU Laptop (AMD Ryzen 5 5625U/ 8GB/ 512GB SSD/ Win11 Home),43700,62,amd,ryzen 5,6,12,8,SSD,512,No secondary storage,0,amd,integrated,False,15.6,1920,1080,windows,1
330,acer,Acer TravelMate P2 TMP214-53 14 Business Laptop (11th Gen Core i7/ 16GB/ 512GB SSD/ Win11 Home),49990,64,intel,core i7,4,8,16,SSD,512,No secondary storage,0,intel,integrated,False,14.0,1920,1080,windows,1
56,infinix,Infinix INBook Y1 Plus 15 XL28 Laptop (10th Gen Core i5/ 8GB/ 512GB SSD/ Win 11 Home),29990,54,intel,core i5,4,8,8,SSD,512,No secondary storage,0,intel,integrated,False,15.6,1920,1080,windows,1
805,acer,Acer Aspire 5 A515-58M NX.KHGSI.002 Gaming Laptop (13th Gen Core i5/ 16GB/ 512GB SSD/ Win11 Home),56490,52,intel,core i5,10,12,16,SSD,512,No secondary storage,0,intel,integrated,False,15.6,1920,1080,windows,1
693,hp,HP 14-hr0000AU Laptop (AMD Ryzen 5 7520U/ 16GB/ 512GB SSD/ Win11 Home),52990,60,amd,ryzen 5,4,8,16,SSD,512,No secondary storage,0,amd,integrated,False,14.0,1920,1080,windows,1
729,dell,Dell Inspiron 5620 ICC-C783531WIN8 Laptop (12th Gen Core i5/ 16GB/ 512GB SSD/ Win11/ 2GB Graph),79690,70,intel,core i5,12,16,16,SSD,512,No secondary storage,0,nvidia,dedicated,False,16.0,1920,1080,windows,1
596,lenovo,Lenovo LOQ 15APH8 82XT004JIN 2023 Gaming Laptop (AMD Ryzen 7 7840HS/ 16GB/ 512GB SSD/ Win11/ 6GB Graph),99990,73,amd,ryzen 7,8,16,16,SSD,512,No secondary storage,0,nvidia,dedicated,False,15.6,1920,1080,windows,1
137,lenovo,Lenovo IdeaPad Gaming 3 82K10198IN Laptop (11th Gen Core i5/ 8GB/ 512GB SSD/ Win11 Home/ 4GB Graph),45651,67,intel,core i5,4,8,8,SSD,512,No secondary storage,0,nvidia,dedicated,False,15.6,1920,1080,windows,1
560,msi,MSI Thin GF63 12VF-663IN Gaming Laptop (12th Gen Core i7/ 16GB/ 512GB SSD/ Win11/ 8GB Graph),104990,77,intel,core i7,10,16,16,SSD,512,No secondary storage,0,nvidia,dedicated,False,15.6,1920,1080,windows,2
914,asus,Asus Vivobook S15 OLED 2023 K5504VA-LK542WS Laptop (13th Gen Core i5/ 16GB/ 512GB SSD/ Win11 Home),85990,60,intel,core i5,12,16,16,SSD,512,No secondary storage,0,intel,integrated,False,15.6,1920,1080,windows,1
570,lenovo,Lenovo Ideapad Slim 3 15ITL05 81X800N1IN Laptop (11th Gen Core i3/ 8GB/ 512GB SSD/ Win11),37500,59,intel,core i3,2,4,8,SSD,512,No secondary storage,0,intel,integrated,False,15.6,1920,1080,windows,1
402,asus,Asus TUF Gaming F17 FX706HF-HX019W Laptop (11th Gen Core i5/ 16GB/ 512GB SSD/ Win11/ 4GB Graph),66718,66,intel,core i5,6,12,16,SSD,512,No secondary storage,0,nvidia,dedicated,False,17.3,1920,1080,windows,1
22,lenovo,Lenovo V15 G4 82YU00W7IN Laptop (AMD Ryzen 3 7320U/ 8GB/ 512GB SSD/ Win11 Home),27990,59,amd,ryzen 3,4,8,8,SSD,512,No secondary storage,0,amd,integrated,False,15.6,1920,1080,windows,1
522,asus,Asus VivoBook 15 X1504ZA-NJ326WS Laptop (12th Gen Core i3/ 8GB/ 512GB SSD/ Win11 Home),40926,57,intel,core i3,6,8,8,SSD,512,No secondary storage,0,intel,integrated,False,15.6,1920,1080,windows,1
633,lenovo,Lenovo IdeaPad Flex 5 82XX007KIN Laptop (AMD Ryzen 5 7530U/ 16GB/ 512GB SSD/ Win11 Home),65990,69,amd,ryzen 5,6,12,16,SSD,512,No secondary storage,0,amd,integrated,True,14.0,1920,1200,windows,1
454,lenovo,Lenovo IdeaPad Slim 3 82H803HPIN Laptop (11th Gen Core i5/ 16GB/ 512GB SSD/ Win11 Home),48990,59,intel,core i5,4,8,16,SSD,512,No secondary storage,0,intel,integrated,False,15.6,1920,1080,windows,1
265,asus,Asus Vivobook 16 2023 M1605YA-MB741WS Laptop (Ryzen 7 7730U/ 16GB/ 512GB SSD/ Win11 Home),70990,65,amd,ryzen 7,8,16,16,SSD,512,No secondary storage,0,amd,integrated,False,16.0,1920,1200,windows,1
992,asus,Asus Vivobook Flip 14 2023 TN3402YAB-LZ522WS Laptop (Ryzen 5 7530U/ 8GB/ 512GB SSD/ Win11 Home),54990,68,amd,ryzen 5,6,12,8,SSD,512,No secondary storage,0,amd,integrated,True,14.0,1920,1200,windows,1
773,infinix,Infinix INBook X2 Slim Series XL23 Laptop (11th Gen Core i5/ 16GB/ 512GB SSD/ Win 11 Home),38990,58,intel,core i5,4,8,16,SSD,512,No secondary storage,0,intel,integrated,False,14.0,1920,1080,windows,1
977,msi,MSI Modern 14 C12M-439IN Laptop (12th Gen Core i5/ 16GB/ 512GB SSD/ Win11 Home),47490,59,intel,core i5,10,12,16,SSD,512,No secondary storage,0,intel,integrated,False,14.0,1920,1080,windows,1
801,dell,Dell G15-5530 2023 Gaming Laptop (13th Gen Core i7/ 16GB/ 512GB SSD/ Win11/ RTX 4050 6GB Graph),129990,75,intel,core i7,14,20,16,SSD,512,No secondary storage,0,nvidia,dedicated,False,15.6,1920,1080,windows,1
405,lenovo,Lenovo IdeaPad Flex 5 14IRU8 82Y00051IN Laptop (13th Gen Core i5/ 16GB/ 512GB SSD/ Win11 Home),78190,64,intel,core i5,10,12,16,SSD,512,No secondary storage,0,intel,integrated,True,14.0,1920,1200,windows,1
916,asus,Asus VivoBook 14 2023 X1404VA-NK522WS Laptop (13th Gen Core i5/ 8GB/ 512GB SSD/ Win11 Home),59990,56,intel,core i5,10,12,8,SSD,512,No secondary storage,0,intel,integrated,False,14.0,1920,1080,windows,1
911,asus,Asus Vivobook 15X 2023 K3504VAB-NJ541WS Laptop (13th Gen Core i5/ 16GB/ 512GB SSD/ Win11 Home),62500,56,intel,core i5,10,12,16,SSD,512,No secondary storage,0,intel,integrated,False,15.6,1920,1080,windows,1
306,lenovo,Lenovo IdeaPad Slim 3 83ER008DIN Laptop (12th Gen Core i5/ 16GB/ 512GB SSD/ Win11),56990,57,intel,core i5,8,12,16,SSD,512,No secondary storage,0,intel,integrated,False,15.6,1920,1080,windows,1
759,lenovo,Lenovo V15 G3 82C7007SGE Laptop (AMD Ryzen 3 7320U/ 8GB/ 512GB SSD/ Win11 Home),29990,59,amd,ryzen 3,4,8,8,SSD,512,No secondary storage,0,amd,integrated,False,15.6,1920,1080,windows,1
807,hp,HP Pavilion x360 14-ek1020TU Laptop (13th Gen Core i7/ 16GB/ 512 GB SSD/ Win11),92070,71,intel,core i7,10,12,16,SSD,512,No secondary storage,0,intel,integrated,True,14.0,1920,1080,windows,1
91,lenovo,Lenovo V15 G4 Laptop (AMD Athlon Silver 7120U/ 8GB/ 512GB SSD/ Win11 Home),24440,47,amd,other,2,2,8,SSD,512,No secondary storage,0,amd,integrated,False,15.6,1920,1080,windows,1
758,lenovo,Lenovo V15 G3 Laptop (12th Gen Core i5/ 8GB/ 512GB SSD/Win11),46900,56,intel,core i5,10,12,8,SSD,512,No secondary storage,0,intel,integrated,False,15.6,1920,1080,windows,1
904,acer,Acer Nitro 5 AN515-47 Gaming Laptop (AMD Ryzen 7 7735HS/ 16GB/ 512GB SSD/ Win11 Home/ 4GB Graph),77890,72,amd,ryzen 7,8,16,16,SSD,512,No secondary storage,0,nvidia,dedicated,False,15.6,1920,1080,windows,1
422,acer,Acer Aspire 5 2023 A515-58GM Gaming Laptop (13th Gen Core i5/ 16GB/ 512GB SSD/ Win11/ 4GB Graphics),61700,65,intel,core i5,10,12,16,SSD,512,No secondary storage,0,nvidia,dedicated,False,15.6,1920,1080,windows,1
35,asus,Asus Vivobook 16X 2022 M1603QA-MB502WS Laptop (Ryzen 5-5600H/ 8GB/ 512GB SSD/ Win11 Home),46990,65,amd,ryzen 5,6,12,8,SSD,512,No secondary storage,0,amd,integrated,False,16.0,1920,1200,windows,1
518,lenovo,Lenovo Thinkpad E15 21E6S0W700 Laptop (12th Gen Core i3/ 8GB/ 512GB SSD/ Win11 Home),47490,65,intel,core i3,6,8,8,SSD,512,No secondary storage,0,intel,integrated,False,15.6,1920,1080,windows,1
736,lg,LG UltraPC 16 16U70R-G.AH76A2 Laptop (AMD Ryzen7-7730U/ 16GB/ 512GB SSD/ Win11),89799,75,amd,ryzen 7,8,16,16,SSD,512,No secondary storage,0,amd,integrated,True,16.0,1920,1200,windows,1
257,dell,Dell Vostro 3425 M552321WIN9S Laptop (AMD Ryzen 5 5625U/ 16GB/ 512GB SSD/ Win11 Home),50990,68,amd,ryzen 5,6,12,16,SSD,512,No secondary storage,0,amd,integrated,False,14.0,1920,1080,windows,1
458,lenovo,Lenovo IdeaPad Flex 5 82R900D4IN Laptop (AMD Ryzen 7 5700U/ 16GB/ 512GB SSD/ Win11 Home),65990,63,amd,ryzen 7,8,16,16,SSD,512,No secondary storage,0,amd,integrated,True,14.0,1920,1200,windows,1
308,hp,HP 250 G9 95X38PA Laptop (12th Gen Core i5/ 8GB/ 512 GB SSD/ DOS),57500,51,intel,core i5,10,12,8,SSD,512,No secondary storage,0,intel,integrated,False,15.6,1920,1080,dos,1
628,asus,Asus Vivobook Pro 15 M6500QC-LK542WS Laptop (AMD R5 5600H/ 16GB/ 512GB SSD/ Win11/ 4GB Graph),70000,70,amd,ryzen 5,6,12,16,SSD,512,No secondary storage,0,nvidia,dedicated,False,15.6,1920,1080,windows,1
674,hp,HP Envy x360 15-ew0041TU Laptop (12th Gen Core i5/ 16GB/ 512GB SSD/ Win11),83990,72,intel,core i5,10,12,16,SSD,512,No secondary storage,0,intel,integrated,True,15.6,1920,1080,windows,1
781,hp,HP ProBook 445 G8 7K2J8PA Business Laptop (AMD Ryzen 7 5800U/ 8GB/ 512GB SSD/ FreeDOS),45899,63,amd,ryzen 7,8,16,8,SSD,512,No secondary storage,0,amd,integrated,False,14.0,1920,1080,dos,1
568,hp,HP Victus 15-fa1064TX Gaming Laptop (13th Gen Core i7/ 16GB/ 512GB SSD/ Win11 Home/ 6GB Graph),119400,72,intel,core i7,14,20,16,SSD,512,No secondary storage,0,nvidia,dedicated,False,15.6,1920,1080,windows,1
513,lenovo,Lenovo V15 G3 IAP 82TT004VIH Laptop (12th Gen Core i5/ 8GB/ 512GB SSD/ DOS),45490,56,intel,core i5,10,12,8,SSD,512,No secondary storage,0,intel,integrated,False,15.6,1920,1080,dos,1
216,asus,Asus Vivobook 15 X1502ZA-EJ541WS Laptop (12th Gen Core i5/ 16GB/ 512GB SSD/ Win11),60990,66,intel,core i5,12,16,16,SSD,512,No secondary storage,0,intel,integrated,False,15.6,1920,1080,windows,1
157,dell,Dell Inspiron 3520 IN3520P9K46002ORS1 Laptop (12th Gen Core i3/ 8GB/ 512GB SSD/ Win11),37990,59,intel,core i3,6,8,8,SSD,512,No secondary storage,0,intel,integrated,False,15.6,1920,1080,windows,1
609,asus,Asus Vivobook 15 X1504ZA-NJ321WS Laptop (12th Gen Core i3/ 8GB/ 512GB SSD/ Win11),39390,57,intel,core i3,6,8,8,SSD,512,No secondary storage,0,intel,integrated,False,15.6,1920,1080,windows,1
132,lenovo,Lenovo IdeaPad Slim 3 82KU0238IN Laptop (AMD Ryzen 5 5500U/ 16GB/ 512GB SSD/ Win11 Home),40990,64,amd,ryzen 5,6,12,16,SSD,512,No secondary storage,0,amd,integrated,False,15.6,1920,1080,windows,1
735,lenovo,Lenovo Thinkpad E14 G4 21E3S02M00 Laptop (12th Gen Core i7/ 16GB/ 512GB SSD/ Win11 Pro),125000,75,intel,core i7,10,12,16,SSD,512,No secondary storage,0,intel,integrated,False,14.0,1920,1080,windows,1
543,lenovo,Lenovo V15 82KB00RJIH Laptop (11th Gen Core i5/ 16GB/ 512GB SSD/ Win11 Home),46990,65,intel,core i5,4,8,16,SSD,512,No secondary storage,0,intel,integrated,False,15.6,1920,1080,windows,1
350,lenovo,Lenovo S14 Gen 3 82TW000VIH Laptop (12th Gen Core i5/ 8GB/ 512GB SSD/ DOS),46990,57,intel,core i5,10,12,8,SSD,512,No secondary storage,0,intel,integrated,False,14.0,1920,1080,dos,3
748,lenovo,Lenovo ThinkBook 15 G3 ACL 21A4A08VIH Laptop (AMD Ryzen 5 5500U/ 8 GB/ 512 GB SSD/ Win11 Home),38171,59,amd,ryzen 5,6,12,8,SSD,512,No secondary storage,0,amd,integrated,False,15.6,1920,1080,windows,1
205,asus,Asus Vivobook 16X 2023 K3605ZV-MB741WS Laptop (12th Gen Core i7/ 16GB/ 512GB SSD/ Win11 Home/ 8GB Graph),104990,76,intel,core i7,10,16,16,SSD,512,No secondary storage,0,nvidia,dedicated,False,16.0,1920,1200,windows,1
34,lenovo,Lenovo IdeaPad Gaming 3 15IHU6 82K101GSIN Laptop (11th Gen Core i5/ 8GB/ 512GB SSD/ Win11 Home/ 4GB Graph),47990,71,intel,core i5,4,8,8,SSD,512,No secondary storage,0,nvidia,dedicated,False,15.6,1920,1080,windows,1
109,hp,HP Victus15-fb0147AX Gaming Laptop (Ryzen 5 5600H/ 8GB/ 512GB SSD/ Win11 Home/ 4GB Graph),49775,62,amd,ryzen 5,6,12,8,SSD,512,No secondary storage,0,amd,dedicated,False,15.6,1920,1080,windows,1
168,zebronics,Zebronics Pro Series Y ZEB-NBC 2S Laptop (11th Gen Core i5 / 16GB/ 512GB SSD/ Win11 Home),32990,63,intel,core i5,4,8,16,SSD,512,No secondary storage,0,intel,integrated,False,15.6,1920,1080,windows,1
449,lenovo,Lenovo IdeaPad Flex 5 Gen 8 82XX0070IN Laptop (AMD Ryzen 5 7530U/ 16GB/ 512GB SSD/ Win11 Home),67990,69,amd,ryzen 5,6,12,16,SSD,512,No secondary storage,0,amd,integrated,True,14.0,1920,1200,windows,1
704,hp,HP 14-em0026AU Laptop (AMD Ryzen 5 7520U/ 8GB/ 512GB SSD/ Win11 Home),44990,58,amd,ryzen 5,4,8,8,SSD,512,No secondary storage,0,amd,integrated,False,14.0,1920,1080,windows,1
161,acer,Acer Aspire 3 A315-24P NX.KDESI.00B Laptop (AMD Ryzen 5 7520U/ 8GB/ 512GB SSD/ Win11 Home),32990,54,amd,ryzen 5,4,8,8,SSD,512,No secondary storage,0,amd,integrated,False,15.6,1920,1080,windows,1
